"","1983","1984","1985","1986","1987","1988","1989","1990","1991","1992","1993","1994","1995","1996","1997","1998","1999","2000","2001","2002","2003","2004","2005","2006","2007","2008","2009","2010","2011","2012","2013","2014","2015","2016","2017","2018","2019","2020","2021"
"1-Jan",0,0,,,0,0,,18.65084,4.949009,0,0,0,0,0,0,9.968431,0,0,0,3.0117,0,0,0,0,0,0,0,8.871319,0,0,0,3.181014,0,0,0,16.61927,0,0,18
"2-Jan",0,0,0,0,0,89.26269,,,24.52477,0,8.525639,0,0,0,0,9.149455,0,0,0,7.659523,21.4973,25.13855,0,0,0,0,0,0,0,0,0,1.702961,0,0,0,0,0,0,9
"3-Jan",0,0,,0,0,5.47624,,,0,0,0,0,0,0,5.193713,35.14254,0,0,0,10.97915,29.89155,12.22725,0,0,14.93513,0,0,9.38367,0,0,5.804355,0,0,0,0,0,0,0,0
"4-Jan",,0,0,0,0,,,12.52002,8.39188,0,0,,3.910654,0,6.091549,,0,0,0,8.761074,0,0,0,0,9.142408,0,0,4.83253,0,0,0,0,0,0,0,0,0,0,0
"5-Jan",,0,0,0,0,0,27.17536,15.88227,0.8944423,0,0,0,0,5.784221,7.485688,0,0,0,0,4.484194,3.065691,0,0,0,0,0,0,3.109087,0,0,0,0,0,0,0,0,0,5.50422,0
"6-Jan",,0,0,0,0,0,0,0,4.931705,0,0,1.551594,1.577161,4.148474,19.31618,0,0,0,0,3.449174,10.44974,0,0,0,46.78131,0,0,0,0,0,0,0,0,0,0,0,0,15.90988,0
"7-Jan",,0,,0,0,4.588607,0,0,25.46842,0,11.74359,0,0,15.34769,0,0,0,0,5.354383,0,0,0,0,0,0,0,0,0,0,0,0,0,0,0,0,0,0,0,0
"8-Jan",,0,,0,0,12.50067,0,0,0,0,0,7.593,0,4.383352,0,0,10.82154,0,0,12.44096,0,0,0,0,0,0,0,26.34214,0,0,34.98767,6.288167,0,6.332273,0,0,0,0,0
"9-Jan",,7.498613,0,0,0,5.411712,0,0,0,0,0,0,0,0,3.05679,20.09111,1.511374,2.511128,,0,0,0,0,0,0,0,0,0,8.850507,0,19.4136,6.026997,0,3.966808,0,0,0,0,15
"10-Jan",0,8.892889,0,,12.8831,5.70522,1.64227,0,0,0,4.543928,0,15.42395,0,2.263053,37.39406,6.666524,0,0,8.406733,0,0,0,0,0,0,0,5.374496,1.622197,0,3.919119,0,0,10.70643,0,0,0,0,9
"11-Jan",0,,0,0,13.64314,0,0,0,0,0,8.69745,13.71549,5.512175,15.14661,0,2.175447,4.330089,0,15.81832,11.6558,0,0,0,5.289082,0,0,0,0,0,0,0,0,0,4.093964,0,0,0,39.60183,0
"12-Jan",0,5.626619,,0,0,0,0,0,0,0,14.07133,0,0,10.79411,0,4.211088,14.33641,0,36.05511,27.3277,0,0,0,6.152117,13.0556,0,0,0,0,0,4.082941,0,0,1.747767,0,0,0,0,0
"13-Jan",0,4.256747,,0,0,0,0,0,2.893576,0,0,0,0,6.662422,0,2.387333,0,0,5.48744,0,0,7.447362,0,0,4.372938,0,0,0,6.064571,0,0,0,0,0.5802863,0,5.829176,0,0,9
"14-Jan",0,28.38514,0,0,0,0,1.986199,,0,0,20.7951,0,0,0,0,0.366475,2.173136,0,10.79107,1.777743,0,2.223205,0,31.40785,0,10.61253,0,0,0,0,0,0,0,7.241809,0,4.312102,0,0,9
"15-Jan",0,0,0,0,0,2.229342,2.804217,0,0,0,8.048313,0,0,0,0,3.073973,3.694151,0,15.15678,4.279345,0,3.463753,0,7.949888,13.02505,8.218651,0,0,0,0,0,0,0,2.942731,0,18.63563,0,0,9
"16-Jan",,0,,4.801513,13.14545,2.456725,1.17035,0,0,0,3.022807,1.530637,0,0,1.143869,0,5.105845,0,1.802159,3.405255,0,2.815707,0,18,9.994373,5.57037,0,0,0,0,0,0,0,8.24462,0,0,11.81349,2.04178,0
"17-Jan",,0,0,0,0,11.7079,0,0,0,0,0,0,0,2.41192,2.159186,3.755666,0,0,0,2.255006,0,8.104525,0,0,8.972506,0,0,0,0,0,0,0,0,9.558589,0,0,0,0,0
"18-Jan",,0,0,0,0,36.89844,0,0,4.404728,0,0,0,0,0,3.544611,5.298548,12.56883,0,20.8438,2.607625,0,12.94189,0,0,6.423697,0,0,0,0,0,0,0,0,17.92446,0,0,14.17704,1.078862,0
"19-Jan",,0,,8.194296,0,5.237271,0,0,0,0,0,0,0,0,19.08324,2.959445,14.27685,10.67425,0,0,0,2.059956,0,0,0,0,0,0,0,0,0,18.50954,0,5.334993,0,0,0,5.363012,0
"20-Jan",,0,0,9.557426,0,9.635421,0,0,0,0,0,0,0,0,0,7.484642,0,29.49439,19.09496,0,0,0,0,0,3.168072,0,0,0,0,5.142505,0,22.60146,0,4.887812,0,12.78987,0,0,0
"21-Jan",,0,0,0,0,0,0,0,0,0,,0,0,0,0,0,,4.957618,15.08056,0,0,0,0,0,4.031039,8.048511,0,4.505621,0,0,0,0,6.758672,9.704433,0,0,0,0,0
"22-Jan",,0,0,,0,0,0,0,,0,1.373296,0,0,1.389146,0,0,4.689249,3.720473,14.7132,6.281204,0,0,0,0,0,0,4.481844,14.55905,0,0,0,0,0,3.77619,0,0,0,0,21
"23-Jan",0,0,6.658406,0,4.184478,7.647524,0,0,,0,0,0,0,0,0.6239028,0,0,0,25.591,0,0,4.83389,0,0,0,0,9.414971,0,0,0,0,0,0,0,0,0,0,0,23
"24-Jan",,0,8.553296,,0,16.52621,0,0,,0,0,0,0,6.199247,0,0,0,0,0,9.873503,0,17.26118,9.754921,0,0,0,2.040791,0,0,0,0,0,0,0,0,0,0,0,15
"25-Jan",,0,7.669597,0,3.361882,0,0,0,,0,3.593033,0,0,4.29158,0,3.043542,0,0,1.969851,5.810191,0,2.957734,11.28593,0,0,2.269047,5.932432,0,0,0,0,0,0,0,0,0,0,10.14292,9
"26-Jan",,0,4.94831,0,10.60041,0,0,0,0,,5.549362,0,,0,0,0,0,0,0,8.24355,0,,2.711689,0,0,29.90198,14.58321,0,0,0,0,0,0,0,0,0,0,5.322171,0
"27-Jan",,0,9.336103,0,0,0.9264178,0,,14.04773,0,5.68469,0,13.50312,0,0,0,0,0,0,0.845475,0,,4.025077,0,0,0,22.32278,0,0,0,0,0,0,0,0,0,0,23.04291,0
"28-Jan",,0,11.89504,0,0,0,0,,40.87112,0,,0,8.235511,5.631474,0,4.455758,0,0,0,0,0,0,17.13594,0,0,2.984659,22.10964,0,0,0,0,0,0,0,0,0,0,9.434752,0
"29-Jan",0,5.264233,36.20914,3.349261,0,0,2.316894,,8.27689,0,0,0,0,0,0.4594951,0,0,0,0,0,0,0.4489326,11.86448,0,1.877799,11.28198,7.066848,0,0,0,4.821245,0,0,0,25.64397,0,0,20.14688,0
"30-Jan",,0,33.35846,0,10.54136,0,0,0,0,0,,0,0,0,0,0,0,0,0,0,0,0,0,2.765566,14.09512,0,1.815435,0,0,0,8.267543,0,0,0,7.444285,0,0,22.79923,0
"31-Jan",,12.30022,0,0,3.687344,0,,0,,5.511342,0,0,0,3.230539,0,0,0,0,0,0,0,9.231462,0.9988746,0,6.075249,2.886657,0,0,0,0,33.69344,0,0,0,19.14301,0,0,0,0
"1-Feb",0,0,4.845892,0,0,9.134706,,0,0,8.971403,0,0,0,0,0,0,0,0,0,0,0,1.328817,7.388094,0,0,0,3.362504,0,6.241574,0,13.20721,0,0,0,14.68583,0,0,0,0
"2-Feb",0,6.564366,4.987077,0,0,23.12774,5.323156,,0,4.049999,2.897431,0,0,5.745367,0,0,0,0,0,0,0,5.124655,0,0,1.50488,0,5.14991,0,4.981822,0,0,0,0,0,0,0,0,0,0
"3-Feb",13.55198,3.162791,0,0,0,0,6.118627,,0,0,0,0,0,3.434457,0,0,0,0,0,0,0,0,0,0,23.50688,0,15.15847,7.289577,2.784488,0,0,6.870722,0,0,0,0,0,13.75653,0
"4-Feb",3.901109,4.100006,9.809901,9.64294,0,0,14.55316,,0,1.37235,3.207844,0,0,33.27713,0,0,0,0,0,0,0,0,0,0,14.08539,0,16.48227,13.00495,0,0,0,3.193351,0,0,11.49661,0,0,7.380891,0
"5-Feb",0,0,,7.98063,0,0,8.380311,,0,3.726722,0,0,0,0,0,0,0,0,0,0,0,0,0,0,8.212165,0,0,1.633281,0,0,0,5.388752,0,0,0,0,0,23.21292,0
"6-Feb",0,0,11.2,22.93077,0,0,27.05071,,0,0,0,,0,0,0,0,0,0,6.226388,0,0,0,0,0,1.817656,0,5.184123,0,0,0,0,3.087604,0,0,0,0,0,0,0
"7-Feb",0,,0,23.75251,23.67683,0,6.705341,,0,0,0,0,0,13.55838,0,0,0,0,0,0,0,0,0,0,4.046647,12.60444,0,1.919717,0,0,0,3.989419,0,0,0,0,0,0,0
"8-Feb",0,0,0,0,0,0,8.024354,,8.775629,0,0,0,27.78134,17.58925,0,0,0,0,0,0,0,0,0,0,0,0,0,0,0,0,0,1.385086,0,0,0,0,0,0,0
"9-Feb",0,0,,0,2.396496,0,9.159739,,7.218729,7.189102,13.30008,0,15.95117,0,0,17.08811,0,0,3.759102,0,0,0,0,0,2.477487,2.011518,0,0,0,0,0,6.509499,0,0,0,0,0,0,0
"10-Feb",0,0,0,,0,2.869828,0,,0,0,3.092928,0,0,13.15412,0,5.823134,5.102567,0,0,0,0,0,0,0,7.051356,5.231622,6.643832,0,0,0,0,1.386554,0,0,0,0,0,0,18
"11-Feb",,0,0,0,3.215194,0,0,,0,0,20.41864,7.040437,0,0,0,0,0,0,2.512833,0,0,0,0,0,1.975028,4.917321,0,0,0,0,0,0,4.900324,0,4.582387,0,0,0,9
"12-Feb",82.56873,0,0,0,8.283366,0,0,,0,0,0,12.81748,0,1.228583,0,20.52307,3.406175,0,9.505134,30.50113,0,0,0,2.290963,3.336393,11.09413,0,0,0,0,0,0,0,3.575566,0,3.430876,3.575381,0,27
"13-Feb",1.272064,0,0,6.749732,30.81883,0,1.304465,,0,7.910613,3.408816,0,6.571386,3.028407,0,0,0,0,5.569379,1.776502,2.788967,0,0,3.881508,2.992048,9.337579,0,0,0,0,8.912213,0,0,0,0,0,0,0,9
"14-Feb",3.33468,,,9.278309,2.326242,0,0,,,0,6.794283,4.817296,0,0,0,0,0,0,7.243591,0,1.852065,0,1.194851,0,0,37.3704,0,1.03205,0,0,7.794751,4.820518,0,0,1.508271,0,0,8.730168,9
"15-Feb",,,0,0,0,2.214426,0,,0,0,,0,6.169391,0,0,0,0,0,0,0,7.665367,6.247071,0,0.6583734,8.736104,0,0,1.975492,0,0,0,2.370453,0,0,0,0,6.729738,0,18
"16-Feb",0,0,,0,0,7.225456,0,,0,0.4500146,0,0,0,0,0,0,0,0,0,20.46591,2.041451,16.15888,0,0,0,0,0,37.80819,0,0,0,0,3.885716,0,0,0,5.971535,8.840197,0
"17-Feb",6.422493,0,0,9.490079,0,0,0,3.246146,0,0,,0,2.495366,3.280401,0,0,0,0,0,7.071611,0,12.10493,0,0,0,0,0,1.584314,7.433111,0,0,0,0,0,8.35477,0,7.49847,12.90097,18
"18-Feb",,0,0,,0.6479522,0,0,11.36262,0,3.734513,,0,3.743353,0,0,1.197854,0,0,0,2.128292,0,0,0,1.362329,0,0,0,10.61602,5.462765,2.88487,0,0,2.554343,0,1.103718,1.300426,0,0,22
"19-Feb",9.71069,0,0,0,11.13331,1.528086,0,7.943821,0,5.1167,0,0,1.336852,19.48109,0,0,0,0,0,2.855633,0,3.183118,0,4.865883,0,0,0,3.701388,0,0,0,0,15.53231,0,17.18261,5.449737,5.98499,0,0
"20-Feb",0,0,,0,12.0548,0,,5.048073,4.711039,0,0,0,0,18.11391,0,9.011681,0,0,0,0,0,0,0,4.355591,0,0,0,7.602904,0,0.7924483,0,6.040611,0,0,17.71045,22.91292,13.56126,0,0
"21-Feb",0,0,,0,,4.669895,4.738652,10.87691,0,0,0,0,0,6.580701,0,0,0,0,0,0,0,0,0,0,0,0,0,10.16582,0,0,0,0,0,0.590277,5.253558,2.987826,10.61685,0,18
"22-Feb",0,0,0,0,30.51187,0,9.190597,32.67601,8.215748,0,0,6.769507,0,0,0,0,0,0,0,0,0,1.073483,0,0,0,0,0,16.5598,3.431133,0,0,0,0,0,0.8311939,0,9.276226,17.71698,20
"23-Feb",0,0,,0,0,0,0,7.083356,5.787969,0,0,8.667881,2.433328,0,0,0,0,0,5.046012,0,0,5.769238,0,6.187133,0,0,0,2.6332,0,0,0,0,0,0,3.606134,0,5.28637,0,9
"24-Feb",0,0,,0,6.576874,2.129401,0,6.854854,5.890877,0,2.725612,52.013,5.272123,3.925209,0,0,0,0,1.873237,0,0,0,0,1.872956,9.268341,0,2.807497,0,0,0,0,3.769408,0,0,17.33275,0,0,0,24
"25-Feb",0,0,,,0,4.046283,0,,0,0,11.9829,0,0,20.8766,0,0,0,0,0,0,0,0,0,0,10.00979,0,0,14.62062,0,0,0,2.321505,0,0,13.54214,8.598778,0,1.498265,0
"26-Feb",0,0,11.69843,0,0,0,0,,0,0,0,0,0,0,0,0,0,0,0,0,9.002456,4.265066,8.087572,1.804064,1.670857,2.49383,0,5.688908,0,0,0,0,0,0.9572619,18.85956,8.622254,0,0,0
"27-Feb",0,3.159458,,5.941194,0,0,0,,0,0,10.82056,14.61121,0,1.337675,0,0,1.017097,0,,1.711664,2.382863,3.491099,15.42925,8.337758,6.442123,0,0,4.182134,0,2.440526,0,0,0,5.439824,14.0095,0,0,4.101936,0
"28-Feb",0,6.945253,23.2942,18.4163,5.866774,0,0,,0,0,0,0,0,0,0,0,9.436086,6.542085,0,7.235054,1.677372,9.239668,3.776057,16.25202,27.55053,3.359557,0,18.23298,0,12.56138,0,0,0,0,7.311051,15.64985,0,19.02122,0
"29-Feb",,7.399427,,,,0,,,,0,,,,10.28571,,,,0,,,,7.951851,,,,0,,,,11.39803,,,,0,,,,0,
"1-Mar",0,0,0,0,7.757505,0,0,,0,0,0,0,37.79697,35.68945,0,0,0,2.344186,0,0,3.666127,0,1.578929,0,0.7682847,0,14.74483,10.96617,0,0,0,0,0,0,12.27053,7.536395,6.184251,9.423603,0
"2-Mar",0,0,0,1.075933,7.501011,0,0,,0,0,4.520543,0,2.020987,0,0,0,19.96014,0,0,16.34822,0,9.247478,4.779235,0,3.471774,0,0,6.819645,0,9.648249,0,0,0,5.791267,0,11.43106,10.20986,8.663844,0
"3-Mar",0,4.243617,9.648456,3.056841,0,0,0,10.9405,0,5.572403,0,12.37651,25.68184,0,0,0,7.445513,0,0,9.375202,0,0,8.997812,5.676576,0,0,0,17.95203,0,31.43805,0,0,0,0,2.543373,7.878368,14.84601,8.550509,0
"4-Mar",0,0,0,0,0,1.573988,0,11.08679,0,0,0,15.88641,0,0,0,0,1.363036,0,0,0,0,0,4.025117,0,0,0,0,0,0,4.57083,0,0,0,0,0,10.24781,8.468825,5.031357,8
"5-Mar",0,0,,28.65473,,17.48547,0,23.47032,0,0,0,0,3.538021,8.213929,0,,6.226902,18.0521,4.85273,6.782266,0,0,0,0,0,1.895192,0,3.518699,0,4.807194,0,0,1.020473,0,6.179609,0,7.813869,0,9
"6-Mar",0,0,,,0,15.51099,1.741977,0,8.026859,0,0,21.57148,1.676332,0,0,6.807721,1.294697,0,5.605236,8.882319,0,0,0,9.850708,0,0,0,12.94078,8.459164,1.405417,7.263383,5.88522,0,0,1.097303,0,5.281715,0,9
"7-Mar",0,0,0,14.87471,7.449209,13.03336,,10.32502,0,0,5.972986,0,20.22884,5.87456,0,0,7.425193,16.7413,0,5.854873,0,0,0,7.045962,0,0,0,10.08306,0,0,3.276028,0,0,12.36013,2.708032,25.85388,7.162533,17.60934,9
"8-Mar",0,0,0,0,13.61167,8.27873,0,4.223832,0,0,0,0,6.338928,7.740621,0,9.372766,16.11591,1.618595,20.81642,0,0,0,7.879584,13.73984,0,5.9888,0,3.114974,0,0,7.713562,0,0,29.03422,0,0,3.486683,9.419909,18
"9-Mar",0,0,0,1.567277,15.23776,3.839633,0,6.233845,0,0,0,,0,0,0,3.536167,13.59151,4.625912,11.27215,26.69845,3.80902,4.652541,0,4.548676,0,0,0,0,0,0,2.294593,0,0,5.51287,2.196006,7.290294,8.903274,5.65431,0
"10-Mar",0,0,0,0,25.74818,9.719797,0,8.737345,3.011643,0,0,7.129554,5.144143,5.328642,0,8.523649,1.655178,0,0,25.86177,0,1.820703,0,0,24.33907,0,0,0,0,0,4.068868,0,0,0,0,0,0,0,0
"11-Mar",0,0,0,0,,0,27.02228,7.913647,8.971311,0,0,0,9.377856,3.283719,0,0,4.246782,0,12.72797,11.45154,0,19.48521,0,0,9.484952,0,4.880396,0,0,0,1.512454,5.853965,0,0,0,3.769432,0,13.11148,0
"12-Mar",0,2.135545,0,0,3.401587,0,1.013685,4.010172,6.133419,0,3.124664,6.609013,10.48724,0,0,0,0,0,0,18.47566,0,20.77947,0.4490358,0,0,0,0,0,0,0,7.566922,16.06094,0,0,0,16.3224,0,21.91683,0
"13-Mar",5.32277,10.90104,0,0,7.496402,0,5.399331,9.217217,28.33545,0,0,0,7.638026,0,0,0,3.575222,0,17.37777,13.18404,1.480987,6.9418,0,15.79551,0,12.47155,3.569505,0,5.336606,0,11.55523,32.03624,0,0,0,0,0,0,0
"14-Mar",2.309321,4.351264,0,0,,0,7.389596,11.33585,33.68701,0,0,4.567966,0,3.067253,0,0,20.10462,0,0,3.445738,0,2.338022,24.02927,0,0,1.32466,7.319208,0,12.47815,0,11.92735,0,0,0,0,14.8065,7.242685,6.9707,0
"15-Mar",4.106289,6.798634,,0,7.476852,5.432642,0,55.91419,0,0,0,9.573413,6.686361,12.10261,0,0,7.375519,8.990325,7.04345,4.016353,3.827005,0,6.091027,0,15.88097,3.626369,1.7888,0,13.71484,0,5.536011,2.647071,0,0,6.896856,7.06451,0,11.78135,0
"16-Mar",0,0,,1.683619,39.38028,0,4.51091,10.14751,0,0,0,3.93827,0,0,3.805612,0,0.7304882,12.60556,3.831316,0,7.005973,6.099535,9.149851,4.40168,14.30277,0,8.808248,11.96955,0.86327,0,0,7.844653,0,0,37.16402,20.14897,0,7.961068,13
"17-Mar",7.599661,0,0,10.3754,9.332825,5.140419,5.265964,15.86063,0,2.425352,0,14.2903,0,6.430826,2.299797,,4.07321,3.005961,6.548444,5.087262,3.896441,0,17.03006,0,0,5.088621,5.089979,9.802161,0,0,4.769929,0,0,0,0,3.529414,0,15.40429,33
"18-Mar",0,0,3.276134,0,19.59315,11.91381,13.78689,4.583942,0,0,6.295821,29.94334,0,0,0.6153456,6.962091,8.288779,0,2.738496,9.706752,0,8.397779,5.299297,17.78344,25.42541,27.04058,2.436366,0,12.12197,1.805307,1.592968,0,0,6.044737,11.67905,20.18336,0,20.12673,19
"19-Mar",0,0,5.218654,0,39.43754,7.615445,12.54009,0,0,15.15333,0,33.3199,0,4.806175,0,0,5.379434,0,8.629046,15.45445,0,2.409398,8.692361,3.612639,14.26164,2.714386,0,23.49977,13.26563,0,37.77437,0,0,0,0,9.017018,0,14.93718,27
"20-Mar",0,0,0,6.262882,0,7.012316,6.684905,5.599391,0,0,0,0,0,0,0,3.435494,0,0,3.884256,13.30948,0,4.23918,16.27727,0,4.125491,2.154292,0,10.77198,20.02398,0,0,0,0,0,3.390677,16.39552,0,8.080425,16
"21-Mar",0,0,11.23759,21.69281,1.695477,8.208572,2.195596,3.440638,0,0,9.829808,0,0,6.499011,0,4.763065,0,0,8.621997,7.030258,13.20116,0,10.1519,0,0,8.725755,0,7.701181,23.4077,0,27.11209,0,23.78089,5.544059,0,5.825643,0,0,18
"22-Mar",0,0,6.34604,0,0,0,7.121702,5.103143,0,0,0,5.20579,3.324588,9.034942,0,2.198813,0,0,0,3.924847,5.211012,0,0,2.8908,12.22264,15.5374,0,9.463112,6.302739,1.828448,0,0,8.137665,4.007578,9.402609,8.239962,0,14.11468,21.71429
"23-Mar",0,0,13.59675,0,0,0.2307552,0,3.409429,0,2.726545,2.181242,7.903162,11.36483,8.917788,0,13.16538,0,0,12.8772,0,13.51968,0,0,2.3434,0,15.93183,0,24.24779,2.606539,0,16.29832,13.37101,14.76179,1.77416,5.190024,4.548447,0,20.87411,0
"24-Mar",0,0,10.14423,0,3.094898,9.612951,7.434539,3.966349,2.396184,6.866395,0,16.2012,3.578016,4.755659,4.655562,2.436942,0,1.300108,4.138115,6.111418,9.169194,0,2.696027,12.91889,0,2.617601,0,8.846928,5.525072,2.481715,6.968967,31.64594,21.32165,10.71202,8.616776,0,0,19.23327,0
"25-Mar",4.527512,0,6.019802,0,3.496493,12.54783,36.75789,9.380617,9.653613,5.601137,0,7.682364,17.38517,46.13473,15.5989,13.92798,6.324882,8.725017,1.989464,7.144732,6.86095,0,14.19209,16.36478,0,19.02514,0,1.191179,0,0,8.887419,2.748597,13.44883,0,46.79021,9.796278,0,35.13863,0
"26-Mar",2.593752,0,8.679283,0,4.693197,5.451846,9.190625,4.52194,4.327564,0,1.976937,2.728464,38.76199,27.57393,16.41017,5.945698,14.8264,8.247258,25.01519,7.785552,24.90799,0,3.14874,0,0,10.14485,0,4.918883,22.66771,0,2.635173,0,6.503784,0,0,4.655015,2.928424,0,23
"27-Mar",5.484282,7.667665,,0,0,0,26.64179,8.17607,0,0,,26.75101,0,9.204667,11.376,6.126805,14.75334,0,3.155511,11.29184,11.08756,5.836632,5.675087,6.732896,0,17.49313,0,6.253788,12.75023,0,17.43373,11.14887,6.331635,0,1.229872,8.517197,10.22847,15,7
"28-Mar",5.26058,0,33.13184,0,4.303936,0,13.69541,6.365913,5.946471,0,4.060184,17.33756,0,11.28981,8.328568,0,2.650474,0,12.63673,0,14.16647,0,0,0,5.906607,5.613911,0,4.458861,1.927966,2.02483,24.26882,3.87271,36.20205,0,14.50516,8.685701,5.360524,36,18
"29-Mar",3.25709,0,18.23437,0,0,,0,7.271386,38.43421,0,7.085829,0,4.506559,18.34239,11.21698,0,10.93257,0,10.68656,3.552124,6.492712,5.792577,3.530359,0,0,10.10153,2.958403,7.402749,9.413285,0,3.160817,0.9102635,24.96378,0,3.479161,1.833339,0,9,27
"30-Mar",,12.75298,,7.464845,5.588284,0,10.5896,10.14842,46.94727,8.25963,0,0,0,0,25.60864,0,6.746101,3.947393,7.808432,8.036476,8.261956,8.909865,0,18.98992,3.964056,8.90627,10.78882,2.31612,7.592503,0,14.53742,6.973763,11.90945,0.5096611,32.58372,0,0,18,18
"31-Mar",15.498,6.768691,,11.14412,0,0,16.31103,4.062857,8.626907,48.86301,0,0,8.281789,0.9426953,39.01199,0,26.21799,1.688498,9.53861,6.265207,9.661719,10.34769,0,0,0,11.93452,34.18387,10.04667,26.56579,8.224176,20.84336,14.52667,20.49051,11.43457,0,0,0,9,19
"1-Apr",0,5.823483,13.83519,3.29669,0,0,8.426182,11.84936,3.430916,3.608313,0,,0,31.33076,7.076575,0,12.97544,0,8.886764,16.20568,0,0,0,0,0,0,12.40283,8.798987,15.25521,2.54878,1.678598,8.432453,2.424363,9.48875,0,0,2.400137,0,0
"2-Apr",8.163258,0,0,6.115972,0,0,8.615373,0,16.28632,4.556438,0,0,0,42.542,21.84304,0,6.879221,0,3.437959,11.26239,0,11.49473,0,0,0,0,5.313548,25.74591,0,0,3.383972,17.89333,11.52606,2.711286,0,3.414917,8.708043,0,18
"3-Apr",6.025336,13.83619,4.033835,9.133368,0,0,18.40787,,11.73729,13.40868,0,7.411322,5.99868,0,17.40571,6.555037,0,2.862967,0,4.903219,0,7.679764,0,9.846921,0,0,7.042608,17.2755,0,7.230371,3.455171,10.65793,40.71645,6.972614,0,5.049292,0,9,15
"4-Apr",3.682773,12.87445,,0,0,1.728971,7.678851,38.34933,9.502435,5.526722,0,1.718275,0,8.592749,4.186687,3.413628,0,3.071407,4.295166,0,7.646955,13.21264,9.447342,7.699581,0,0,5.634491,4.98708,0,4.885846,19.72804,5.175198,11.77954,12.18089,0,23.0129,0,0,27
"5-Apr",6.26515,12.96746,9.329745,6.831178,0.9116051,4.971094,,10.81102,20.41594,8.1048,0,10.53127,5.082301,0,10.71817,17.39209,22.48417,7.134616,7.023408,5.048564,0,0,10.9129,6.656808,0,0,20.69174,0,0,11.0531,0,18.75306,3.467011,0,7.181901,0,0,0,24
"6-Apr",1.941206,0,8.416951,3.973645,11.05013,13.09222,,0,10.0026,6.028968,3.59553,11.7444,,1.592419,9.614503,12.79945,17.1038,0,0,4.099846,0,4.98198,13.80948,44.19911,5.173742,0,3.881153,6.950465,0,4.660533,9.475427,4.769344,3.064354,0.4035308,17.69267,7.067207,0,16,20
"7-Apr",2.429465,21.1966,84.90523,,0,20.72746,0,2.659878,18.66102,8.197191,0,11.52259,8.25423,7.704271,8.917111,5.255699,0,17.90771,39.54661,5.670306,2.410248,5.620044,4.709463,4.18088,0,0,2.231561,26.40739,7.894213,15.79221,15.74742,11.22768,9.122335,7.694755,3.815183,22.97621,0,9,31
"8-Apr",,2.461382,17.4852,4.373487,17.56156,0,5.280392,1.461476,19.39898,10.31633,0,13.72033,0,29.34133,8.934711,3.512313,3.37906,8.020773,22.03963,0,0,4.52767,8.85744,8.084445,0,0,12.14434,0,0,1.217406,0,0,4.827065,4.343583,3.102415,23.7998,0,0,18
"9-Apr",8.375015,1.544564,2.463846,13.14169,21.24959,3.581883,2.083033,0,6.587305,58.64305,6.353505,2.301521,0,0,4.388494,17.78224,5.883598,8.376385,8.966391,0,0,7.491458,6.542625,19.11031,0,17.48229,0,0,0,3.345079,3.660088,0,4.00628,9.078651,0,17.87132,9.134423,18,36
"10-Apr",3.316401,7.281279,13.25489,0,22.28319,31.27877,20.96072,0,2.581953,25.26741,0,11.38052,8.967937,0,2.577287,0,5.895901,13.10846,8.033775,4.27673,0,19.39854,60.81443,34.89032,4.808049,7.497389,6.629003,0,0,0,10.70551,0,3.830157,6.685887,0,12.27921,5.158322,18,8
"11-Apr",8.708684,3.354537,14.30288,2.102904,0,8.53532,19.50238,0,19.40528,38.48121,0,3.725956,12.14121,0,0,13.34396,7.59862,0,0,7.746131,0,5.681256,14.62179,3.959275,10.58971,12.5352,12.45908,0,0,0,15.44643,16.93076,1.128963,20.95293,0,17.7704,4.112568,9,39
"12-Apr",6.772331,24.23158,5.621776,8.623671,10.19836,4.872471,2.767461,0,2.872089,0,0,0,0,21.7718,6.89406,21.24932,0,4.263586,0,23.75532,0.592961,0,1.984675,0,0,1.873576,15.24321,1.115381,0,3.571351,0,8.498796,0,11.73897,0,0,5.579633,21,27
"13-Apr",3.712438,6.834756,33.57659,8.233066,16.37004,12.83379,0,10.23529,6.037991,0,2.939535,1.076479,12.22458,3.91241,5.984685,0,0,5.277028,5.093766,39.98722,6.397867,9.270538,2.251229,2.293959,45.78619,5.335209,2.575541,17.48082,0,0,17.50336,13.18147,0,7.592739,0,31.89204,2.499486,41,25
"14-Apr",6.632957,15.59712,11.92206,4.428246,45.12685,10.63896,0,1.293173,16.08432,0,0,5.268297,6.648452,6.48909,0,1.910721,3.544142,9.5592,1.674846,2.016206,15.47042,6.925139,0.9330233,9.556804,8.814745,9.481075,10.66802,1.961669,7.880744,17.24175,11.31614,23.59791,6.17032,0,0,0,6.678626,27,0
"15-Apr",14.02707,10.38111,38.11662,0,0,6.512205,3.434775,7.972143,0,0,0,10.06956,13.53808,11.30353,0,2.248652,10.74381,6.222002,21.39401,14.07077,11.7587,9.158185,2.47043,0.5195601,7.58883,3.466785,17.65345,8.663496,7.381358,12.19105,2.232355,10.46093,7.196465,13.23053,7.156299,34.03354,2.926475,9,19
"16-Apr",16.22419,5.868544,10.67589,25.65567,0,9.533239,0,15.51045,1.036777,0,,4.207784,16.73173,31.15264,1.224073,1.616295,3.57372,0,15.47729,0,9.304085,8.389782,1.655289,9.73768,7.333098,12.75494,6.169428,2.842416,10.58507,15.64684,13.06319,17.07758,2.604514,37.14327,13.64399,5.209166,0,10,36
"17-Apr",18.47402,8.4001,0,6.668211,0,32.34897,0,0,10.37101,0,11.12703,7.09651,0,13.16616,7.59059,9.483021,0,3.700515,5.505017,9.177859,14.54209,2.176955,3.997188,13.71281,7.885878,2.659555,4.987413,1.622276,0,2.419524,4.186899,0,13.49732,10.51095,6.636227,0,0,35,37
"18-Apr",0,17.74431,17.54338,4.615285,5.419868,20.23987,0,6.559113,14.62462,1.666908,12.14325,14.22805,0,11.74228,7.613831,3.747155,13.53223,0,1.907332,0,14.52055,5.546094,,11.04764,2.481203,8.161592,14.80967,7.041673,0,7.46255,13.19443,0,24.50724,8.279552,3.616033,0.7637697,0,22,27
"19-Apr",7.313143,6.769111,10.64131,18.45681,0,0,,5.544154,4.069801,7.885684,10.07709,4.596667,3.167405,0,13.59619,4.924212,13.37892,0,0,17.18913,8.469026,18.19865,7.631006,18.51038,10.47483,17.66208,14.50437,8.549614,5.019122,6.407562,28.2037,10.59109,1.038274,6.581805,8.646161,3.668048,0,8,25
"20-Apr",9.339478,0,2.099002,0,10.76922,6.002626,0,13.09459,0,5.53385,9.844675,5.120656,3.757996,20.52625,7.216214,,17.07375,9.969312,16.60025,2.003431,10.41986,2.498894,0,23.65421,22.01187,22.29629,17.90548,0,0,12.83348,14.70658,0,16.22919,2.165691,15.66209,8.2198,5.184634,7,12
"21-Apr",4.595679,2.224896,9.71109,22.43501,,24.98564,5.398553,4.153157,15.42827,10.07303,2.834547,0,9.994455,0,0,22.67042,0,15.12115,14.11741,28.87846,28.76562,17.3245,0,8.31662,0.9139422,0,25.89142,0,0,28.43116,14.01891,0,14.27519,28.64468,13.05009,2.447014,10.0182,0,36
"22-Apr",0.7573022,8.129743,3.535308,12.09571,,11.29334,0.2872506,5.673313,16.80172,6.440743,4.444287,0,3.458523,0,0,4.945415,0,14.22426,7.25653,12.86637,10.86877,0,1.255718,12.4205,10.52496,0,18.6601,5.161242,9.145615,12.78638,5.679658,0,8.22672,0,8.159399,24.25304,10.53487,54,27
"23-Apr",0,7.738007,0,3.904622,5.837842,18.83103,11.11332,15.90118,2.894503,13.30516,2.598509,0,7.314459,0,11.74773,5.594137,0,0,9.680267,21.77874,10.93352,0,0.5222988,9.421309,0,0,9.609398,14.07823,0,0,3.419273,6.181842,15.26424,0,2.38717,12.00349,1.469545,9,18
"24-Apr",0,8.788909,0,17.45406,7.340587,7.267497,0,0.7865791,12.66634,7.738668,0.891554,8.00998,2.323524,15.08602,6.559603,17.30653,3.933262,3.03018,1.650064,0,16.22249,25.90522,5.55757,4.08969,21.08474,5.269771,11.02406,25.66492,5.685313,51.65665,8.878413,0,20.91917,11.56584,6.173093,7.05658,1.221683,17,27
"25-Apr",,16.6287,8.94036,15.88032,0.5104927,16.95274,0,4.783843,17.43101,0,5.768711,6.429974,14.79893,9.088216,10.50351,16.88559,4.606994,9.367514,5.33884,9.162752,7.510543,15.28667,0,3.899593,5.554168,19.71125,5.285901,0,0.6435038,0,4.634459,3.342103,4.606059,4.886132,3.772214,6.137418,12.3529,21,15
"26-Apr",,23.82205,9.019229,0,0,14.21941,,11.51783,0,0.4082663,26.82374,52.50595,21.66975,39.89222,21.98761,10.71111,25.58335,0,3.379593,0,29.54386,0,4.366803,0,0,0,0,6.029017,20.68658,15.62246,8.687022,3.918754,13.58175,13.41009,11.13284,11.69362,16.60994,9,25
"27-Apr",,12.37651,,0,5.922582,0,,13.57786,4.784823,26.52101,13.95276,17.98129,24.77725,14.32919,4.859426,5.308917,7.274064,12.17299,0,6.339023,13.9578,5.532132,17.71642,0.9184064,0,24.03792,7.774393,13.71639,9.31734,5.355268,9.522114,0,0,4.872784,9.546208,6.42969,8.261633,18,0
"28-Apr",,0,,4.972415,3.816114,2.403243,,1.857593,5.349014,4.208668,0,3.355253,15.73109,7.534639,15.94307,0,6.905405,55.92278,6.279703,9.786201,0,9.615664,5.426079,7.013758,0,0,12.51103,14.6645,10.79605,18.77391,4.057443,0,11.94913,6.55821,15.97194,9.580215,11.9943,31,25
"29-Apr",,0,,0,2.452253,3.326534,3.332139,2.738794,4.703079,36.56442,2.872861,12.94089,10.93352,0,15.47003,0,13.95288,3.732826,2.853782,18.51152,0,8.531811,2.114815,4.653428,0,3.40676,0,36.58193,4.654798,16.9213,6.051367,0,2.087618,8.284229,9.971068,20.7739,12.73897,9,24
"30-Apr",,7.672634,3.371555,12.77814,5.614671,6.38241,16.64437,0,8.188931,14.04445,8.127456,4.468583,8.673929,8.547515,10.54449,21.25108,5.709081,8.781627,3.034006,17.57564,16.45302,17.48371,0.3434263,15.75835,1.104548,10.34614,9.822718,2.079479,2.500368,0,2.771913,4.688131,1.128203,3.247901,8.940825,9.43222,0,20,26
"1-May",9.295836,4.009733,0,,15.03007,31.65872,57.55656,0,3.893465,16.77486,12.47886,9.180124,26.44077,5.107105,12.17675,0,12.45295,6.094431,8.343436,0,22.37605,0,8.425522,15.4454,8.29311,3.482799,3.762141,35.26325,14.19507,5.386253,29.18057,7.033264,27.27302,0,23.04086,10.1942,0,15,9
"2-May",3.717046,0,0,22.18362,4.224323,0,0,4.886446,36.90316,12.69813,11.1976,0,12.38491,0,9.865732,5.000475,0,7.321207,4.382791,8.684688,9.802128,6.815772,4.661066,4.090799,1.511302,0,3.563059,11.87586,7.019446,0,4.173109,16.18796,8.700743,5.786291,4.93497,0,2.506164,17,18
"3-May",12.58387,0,13.32763,2.803777,45.17368,5.463328,3.573369,0,0,4.055165,3.81927,4.17833,0,3.514031,0,5.865348,28.63744,5.553904,0,40.65802,5.596341,5.192571,8.709457,0,10.12884,0,0,0,0,0,4.241406,3.713397,7.741226,6.213396,8.316269,7.381281,8.006699,22,27
"4-May",2.81289,0,,5.382718,5.97922,12.88232,2.200403,0,0,18.44406,12.74616,39.23795,11.05861,2.495581,0,15.40002,13.90135,13.19429,15.93188,12.12141,4.203936,0,10.94683,4.429995,12.2666,30.94199,0,4.028632,0,0,1.945356,0,21.06063,0,16.40704,20.52432,9.492853,9,18
"5-May",3.985036,0,,1.306539,10.4561,6.309468,29.26958,2.833265,3.070732,3.18068,12.41438,0,4.204117,4.366448,,0,3.246152,3.209494,16.97617,3.881906,3.501979,7.409493,3.6133,7.631102,25.47599,16.27966,0,0,2.604064,3.199012,11.00137,5.794806,12.12048,12.09508,9.146965,2.625273,8.837602,17,17
"6-May",23.53296,4.246107,,0,14.07465,0,7.959295,2.978523,6.199959,16.8277,14.85879,10.52219,1.026878,3.668265,30.56709,10.44047,3.460968,4.145586,3.294516,1.562353,0,0,1.372439,11.85408,5.694026,57.62402,0,1.151321,0.998457,0,21.97431,18.87197,27.04125,6.44437,22.58393,2.477702,2.048367,9,13
"7-May",27.01754,5.034155,21.39323,3.324931,9.510008,9.353439,3.722758,4.288838,8.1604,5.883239,0,29.10728,5.575842,3.325485,0,3.00008,1.730589,5.70053,0,14.79218,0,18.22107,4.064433,64.91382,8.067941,2.476385,0,13.7674,5.838172,3.995275,13.21365,11.64634,16.06308,0,3.476489,12.09291,0,18,26
"8-May",15.65985,7.546799,31.26203,20.56259,17.85629,17.65372,13.15625,8.724036,7.352559,2.431389,6.190653,16.34812,0,0,0,11.34452,4.075046,6.525743,0,0,23.25964,3.692045,2.325545,8.620995,4.15687,0,0,5.138468,10.50964,9.465977,6.570397,4.837528,6.695173,5.576277,10.03617,3.069157,0,0,32
"9-May",9.371834,0,0,0,8.536175,30.44691,0,12.55469,5.758301,4.292516,19.71658,0,8.702203,0.8520664,0,6.696521,11.33285,0,4.01666,0,18.09008,0,2.002033,9.905566,6.770708,0,3.313936,5.437746,10.98546,3.146054,8.535022,10.48807,0,32.94161,13.65299,16.49504,3.60879,16,19
"10-May",25.49257,29.40451,18.50294,8.763927,4.768887,1.529439,16.40755,3.235777,10.85865,0,3.373978,0,2.394604,0,1.091842,9.686051,3.412004,13.21324,9.702494,0,18,0,0,2.598076,14.0308,10.61047,26.66843,8.198753,7.34016,7.873213,6.867365,6.225314,3.762822,29.36873,7.488418,5.343174,0,20,20
"11-May",0,7.025932,5.747639,,10.36756,11.56139,13.40379,11.87414,22.20328,5.521127,8.515312,8.23165,0,0,5.716416,16.59448,8.154337,15.28637,0,0,17,9.168702,0,14.85714,11.39904,6.967718,27.52278,40.14288,0,15.11268,9.675987,5.026397,5.847964,3.369969,17.69943,12.22507,8.207382,18,0
"12-May",0,3.889126,11.65971,0,1.754544,0,11.3009,12.9277,15.44444,0,0,11.56445,4.651446,0,0,0,3.195708,0,0,0,11,6.249393,5.226202,8.4781,0,1.614846,12.55941,0.9207848,0,8.74683,3.256215,6.574747,0,4.329958,5.609403,10.36394,5.139109,18,16
"13-May",3.890333,2.64369,0,12.7546,14.40661,0,10.52303,6.244191,31.40755,31.02508,5.520411,4.475895,9.175567,0,7.867182,8.693581,15.36703,0,5.764296,9.548528,0,5.05663,0,5.787684,19.80653,4.744469,5.292454,0,5.429029,8.353565,0,9.246775,0,5.054198,13.59145,3.336692,2.61659,12,0
"14-May",0,8.492307,2.691281,0,3.438781,0,19.99116,5.499366,8.056386,4.012328,25.98873,11.27455,8.389575,0,4.854071,8.008544,12.63443,10.46415,10.85893,0,35,2.624134,11.06133,1.17688,0,4.385885,12.85522,0,4.167361,8.347753,29.93561,1.850723,0,12.99567,49.18713,13.41874,11.87244,0,21
"15-May",0,5.067327,11.87743,6.809462,0,0,0,6.885286,19.84547,16.46813,18.10667,8.349499,13.09854,0,14.04067,0,12.55212,4.186268,4.51401,0,6.809719,0.4515262,0,5.466238,8.918121,0,9.128983,0,0,24.62675,0,9.002174,0,13.96632,11.11875,18.96981,8.018461,9,0
"16-May",0,0,0,2.763168,0,19.35394,6.875296,8.298575,14.42468,16.60258,6.447076,23.20888,49.74171,23.03935,0,0,8.42148,17.6297,0,0,15.26455,0,7.075795,3.39682,31.23841,0,4.631787,0,15.38004,19.61515,0,5.705527,6.106091,0,2.790663,0,0,9,0
"17-May",2.174934,4.913663,14.02741,11.59234,28.0363,9.270287,,2.069525,1.215369,7.700741,5.966533,7.145082,8.821936,0,7.724211,3.141317,8.184583,27.92754,7.36739,6.640998,0,0,0,3.059676,0,0,10.76351,0,2.749219,2.58644,0,8.698375,14.48949,0,0.6093499,2.068555,3.341123,13,0
"18-May",5.027109,6.757721,32.16212,9.870012,5.917867,0,12.47907,0.9397226,6.344931,0,0,12.28472,7.49648,4.40458,26.20494,1.427731,0,12.22094,0,0,5.740849,0,0,0,4.858894,9.000001,0,0,5.622806,5.073081,0,3.409932,11.46183,0,8.629974,11.18279,6.055007,0,9
"19-May",8.809622,0,18.16802,3.24701,0,5.052248,16.09217,0,4.64176,0,0,0,18.37543,35.88303,12.27366,0,17.27227,57.068,3.339929,0,0,0,0,2.821329,20.41547,0,1.120072,0,6.567593,8.946504,0,3.081058,3.010678,0,4.34652,0.5223587,5.200169,0,22
"20-May",1.584057,2.274782,,,7.761772,27.62627,0,13.95175,0,7.758062,0,18.07382,11.60561,15.99378,0,0,0,0,20.40821,0,0,0,5.074224,3.248472,7.899024,28.8,0.372794,18.0679,2.949691,28.38194,0,2.779174,0,6.88947,0,14.42937,14.91017,0,0
"21-May",0,27.79481,4.513759,,1.065682,0,0.6191587,0,7.347692,0,6.013334,2.82243,7.598669,12.17806,0,,0,0,0,3.457936,4.851502,0,22.02295,3.547956,0,3.006811,7.260223,0,8.664054,0,0,5.14835,2.478452,5.099685,9.312406,22.59124,5.302281,9,0
"22-May",4.605228,2.969088,0,0,0,0,,9.693756,12.97401,1.89469,26.9094,13.3475,0,2.776802,0,0,0,0,0.4438377,4.038999,7.014246,0,8.063379,3.738175,0,4.170197,2.675711,0,0,1.731026,0,1.742004,0,25.30424,0,0,1.942791,8,8
"23-May",7.76006,42.8817,16.9251,6.944224,4.884759,0,,0,28.40855,8.518905,4.865176,49.02272,0,26.69048,0,0,0,0,0,3.366008,9.915674,0,0,2.121957,0,5.596629,3.49707,7.249184,0,5.401322,0,0,0,21.65482,11.42204,0,0,14,0
"24-May",24.44991,0,0,4.943431,0,0,,0,10.68737,13.09583,6.89973,0,0,7.810821,0,0,0,0,10.5483,4.158473,21.51377,0,9.317376,0,5.007096,19.78415,0,3.187248,2.418489,9.849018,0,0,8.118449,0,0,6.608362,26.22729,0,0
"25-May",14.8534,0,5.582828,11.3314,3.338058,0,0,0,29.05642,25.9139,5.097566,8.586052,4.779856,14.49669,0,0,0,3.467732,14.74498,0,4.556705,20.46032,24.45586,6.664998,0,13.33918,0,5.365095,11.02988,8.552188,4.821311,15.52242,14.34888,0,0,1.954621,18.63128,0,0
"26-May",0,3.332424,7.3674,13.47342,13.35905,0,0,7.698535,6.37834,0,9.913818,25.90378,7.716292,16.05521,0,0,12.25755,0,2.955761,0,32.51964,0,0,11.26435,9.000001,3.850619,25.16009,0,14.07182,11.26619,0,17.56813,9.098761,0,19.95741,7.113738,3.271411,13,0
"27-May",0,0,12.05967,17.62042,0,0,0,27.84171,6.133557,2.442422,0,2.841034,9.978133,14.20935,0,0,4.674045,6.265461,10.07892,11.19778,9.977622,0,7.97046,1.068519,4.722856,0,2.752578,0,33.88245,11.15814,4.48481,4.338043,8.570596,2.130696,0,1.272185,4.420117,9,0
"28-May",0,4.501981,0,5.332628,26.04329,0,0,0,4.979083,0,0,6.184786,0,13.92449,10.74902,0,0,5.370371,22.73274,0,6.643699,12.44447,0,8.183642,2.974032,8.564288,8.57605,1.475718,0,0,0,14.74273,4.703546,0,0,0,11.67642,16,0
"29-May",0,4.152012,12.21597,0,13.2716,0,0,7.874197,0,2.650278,0,31.62585,16.57798,12.79878,12.76962,0,0,34.10197,0,0,0,9.103801,47.54171,7.422003,8.557508,8.295654,2.416394,0,2.391696,0,7.018372,1.318169,29.29565,0,0,0,0,9,0
"30-May",1.037907,6.235787,5.170968,3.47164,0,0,0,0,3.526126,0,3.688622,64.62502,5.767033,9.734875,0,0,0,6.090548,0,8.492999,7.788052,8.25868,16.80447,7.717551,0,0,0,0,7.837516,0,0,3.694352,11.41186,0,10.66479,0,15.12465,0,0
"31-May",20.8262,0,0,4.03595,0,0,6.82473,7.10639,2.229274,0,0,0,3.908306,4.985855,0,5.570274,0,3.744802,3.217109,0,17.42348,6.447461,3.577863,18.56403,13.21901,0,25.41264,0,24.46566,0,4.032588,0,6.814695,0,5.530561,12.98202,13.55361,0,0
"1-Jun",0,0,0,4.282513,0,0,0,18.78775,4.596693,0,6.649079,0,16.78313,0,0,4.040587,0,0,9.069039,0,14.259,0,0,1.967633,0,0,0,0,8.490511,1.948845,0,4.650195,5.902422,0,16.40497,2.34791,0,0,9
"2-Jun",5.538526,4.492365,0,0,27.75171,0,0,0,3.787475,0,,0,3.159029,19.86486,2.351543,4.447219,0,0,4.252959,0,0,14.43511,0,0,0,9.231028,3.723931,0,0,0,0,4.09961,10.22912,0,7.250058,2.980248,6.056723,9,0
"3-Jun",0,6.151764,0,7.247615,0,3.410171,0,0,5.899711,0,5.843836,49.5177,14.92204,0,0,0,0,0,7.890869,0,0,0,0,0,7.370344,8.559391,0,0,0,7.83401,0,10.10489,0,0,0,0,0,0,0
"4-Jun",4.468827,0,6.950494,2.058669,0,7.964353,0,0,0,0,0,0,12.81087,0,0,2.848718,0,6.292313,1.545936,0,10.97924,0,0,0,5.226761,9.740075,0,5.246259,2.668585,94.46227,0,19.45895,4.773502,0,7.218042,0,0,0,0
"5-Jun",9.211315,3.415153,11.31267,0,0,15.55668,0,0,0,12.77184,7.418186,0,0,0,0,17.97357,0,0,7.79392,0,3.985801,4.780821,0,2.017549,5.873383,0,0,5.012037,0,0,0,0,0,0,0,0,0,0,9
"6-Jun",7.646314,0,0,3.937284,12.44121,8.899012,,0,0,0,10.44908,5.107646,0,0,4.021532,0,9.461251,0,3.462558,2.145535,8.918507,0,0,0,7.466939,15.26782,2.506535,6.463756,0,0,0,11.55718,8.621394,0,0,0,25.55062,0,9
"7-Jun",0,0,0,6.715531,0,0.7752178,0,0,0,0,30.66406,1.117281,11.35792,0,1.180159,17.76871,7.58844,0,23.9127,3.016242,6.346882,0,4.205357,5.828924,6.576519,3.934494,0,3.644873,0,5.21822,0,2.756555,0,0,0,12.17792,0,0,0
"8-Jun",0,0,0,19.32713,0,0,2.25212,0,4.724443,0,0,4.634958,10.44383,0,0,8.258609,0,20.99857,3.124334,0,3.940776,0,5.818698,14.95129,2.922035,0,0,0,12.71757,2.546974,0,5.650523,5.352435,0,0,0,0,0,0
"9-Jun",0,0,0,4.515799,2.537475,10.93749,9.982553,0,0,70.51341,11.72714,22.46887,0,2.658854,0,0,0,0,6.595397,9.092251,4.942813,0,0,6.619273,4.074514,0,0,0,1.659856,3.46213,1.729711,6.161858,3.416507,4.510191,5.908884,0,0,9,0
"10-Jun",0,0,16.35247,6.344397,0,0,16.52869,0,1.097039,7.184809,0,3.041978,0,0,0,0,0,0,0,0,8.34073,0,0,0,0,10.62223,0,4.437263,16.14225,1.837848,5.539871,4.930208,5.111807,0,0,0,0,0,0
"11-Jun",0,12.11646,0,5.162065,0,11.48732,0,8.002254,0,0,0,12.18677,5.42333,0,3.536284,0,0,0,1.345187,3.63103,0,0,3.563657,0,6.064353,0,0,18.13773,0,10.97772,0,5.165713,5.004819,3.857862,0,0,0,0,0
"12-Jun",0,0,0,7.051296,6.564906,0,2.956927,0,1.907986,0,34.82824,0,2.333987,2.424117,0,0,0,0,0,0,0,10.01436,8.139946,12.35741,6.926208,0,0,0,2.825944,0,1.292375,6.329655,0,11.44189,0,0,3.488601,0,0
"13-Jun",85.33325,34.92336,4.130545,0,20.90189,6.661597,17.58284,0,6.988585,5.787049,,0,0,4.951138,0,0,0,0,0,11.65706,0,0,0,9.555683,34.84422,0,0,0,3.719432,0,0,0,3.134305,0,53.86883,0,0,9,0
"14-Jun",,0,1.887877,0,0,0,0,0,0,9.067928,0,0,0,0,0.3590234,0,0,0,0,0,9.28181,0,0,4.056622,0,0,6.03364,0,11.37278,0,0,0,3.697525,11.39437,0,0,0,12,0
"15-Jun",0,4.786822,13.80058,0,10.81573,13.72845,22.19306,0,3.119964,13.85887,0,0,0,0,12.12229,0,0,0,10.12414,0,24.65512,0,0,0,3.781044,0,3.441314,0,2.993364,0,9.135421,0,3.083868,0,5.382782,1.189546,0,18,0
"16-Jun",16.56976,0,3.934785,0,0,0,0,0,0.9407458,29.82995,1.803958,2.335373,0,0,4.146869,0,0,0,0,1.179477,0,0,0,4.576956,0,0,5.993073,0,5.466179,0,4.432261,3.658786,0,0,2.141507,0,12,0,7
"17-Jun",5.994677,0,0,0,0,0,0,0,0,0,44.61673,7.012773,0,0,13.65139,5.374967,0,0,9.000001,0,0,7.621634,6.965943,9.738942,0,0,0,13.39105,0,3.766526,2.805153,2.644148,0,15.96697,0,0,0,0,9
"18-Jun",,0,0,0,0,0,0,0,0,0,11.36821,0,0,0,0,0,0,0,0,0,4.689266,5.115764,0,7.424419,0,0,0,5.073647,0,0,0,0,10.48771,2.959197,0,16.08641,17.86753,0,18
"19-Jun",0,0,0,0,0,0,0,0,0,16.0061,0,0,5.587344,0,2.587317,0,7.166149,0,16.18736,7.46841,42.2248,12.09851,0,0,0,0,0,0,13.17483,0,0,0,8.21503,0,0,36.26623,0,0,9
"20-Jun",0,0,17.08151,0,3.937032,0,0,0,0,28.3469,0,3.273326,26.14988,0,0,51.57981,0,11.71884,7.081021,10.49587,4.341551,2.787691,5.093816,0,0,0,0,2.778459,9.502055,6.613577,0,0,0,10.93333,0,0,0,0,9
"21-Jun",31.39773,0,0,0,12.58547,0,0,0,0,3.827804,0,2.278698,0,0,4.22473,0,8.923355,3.735068,7.365704,0,0,5.429317,7.013859,0,0,0,0,1.750858,14.31443,0,4.748441,0,30.65147,0,0,5.928161,0,0,9
"22-Jun",0,2.032914,85.30748,0,0,38.26244,0,0,1.464247,0,0,0,0,0,0,0,2.210928,0,0,0,0,0,3.414183,0,0,0,0,4.831621,7.191123,7.561442,0,0,1.986508,0,0.8637636,0,0,11,0
"23-Jun",0,0,0,,0,0,0,0,4.488846,0,0,0,96.14604,0,0,7.671242,0,1.270227,12.22367,0,0,0,6.079439,0,0,0,0,13.72421,12.27238,16.10854,0,0,0,2.749514,0,9.037691,0,18,0
"24-Jun",0,30.3789,0,0,0,0,0,0,1.774342,22.91889,0,0,0,0,0,3.040895,9.845458,14.36209,0,0,6.505274,0,0,0,0,0,5.261507,13.13903,0,0,0,0,0,13.42782,0,0,8.162827,6,0
"25-Jun",0,0,0,0,0,0,0,0,5.273322,8.439781,10.97383,0,0,0,0,2.529928,2.553498,0,0,0,0,1.26275,0,0,0,0,0,9.604116,9.033451,0,0,0,10.46441,7.46122,0,12.54325,0,0,0
"26-Jun",0,,0,0,0,0,0,0,10.07012,4.004443,0,6.294025,0,0,0,6.568843,1.782394,3.704608,15.09093,0,5.909411,0,0,2.448389,0,0,4.530678,0,0,21.91739,0,0,2.012688,0,0,13.88819,4.709236,18,0
"27-Jun",0,0,,0,0,0,2.851987,0,0,4.933854,3.507892,0,0,0,0,0,0,0,0.5228858,0,7.309594,0,0,8.739627,0,7.207324,0,0,3.971106,7.747881,0,0,0,0,5.967339,0,0,0,0
"28-Jun",0,0,0,0,,0,0,0,0,2.622912,0,38.34834,0,0,0,0,0,0,0,0,10.56636,0,0,0,0,0,10.12998,5.381947,12.77668,6.886422,6.744908,0,5.834242,0,35.22711,0,0,9,0
"29-Jun",0,0,0,0,,97.80742,0,0,0,0,0,0,15.18692,0,0,0,0,9.256663,6.009842,0,5.78477,0,0,0,0,0,1.764475,0,0,0,0,0,0,0,4.187846,2.51351,0,0,9
"30-Jun",,0,0,0,,0,0,0,0,5.783487,0,0.9866314,112.7138,18.01228,1.046757,0,0,0,0,0,15.71811,0,0,0,0,0,0,0,0,21.35301,3.685337,0,0,0,0,0,0,0,9
"1-Jul",,0,0,,0,9.966731,0,3.83057,0,13.12921,0,0,,0,0,0,0,0,0,0,2.647357,0,8.612784,0,0,0,11.00787,1.049935,0,7.507949,5.580623,0,0,0,0,0,0,0,0
"2-Jul",0,0,0,1.402289,1.808286,0,0,0,0,6.859385,0,17.29671,,0,0,0,8.434285,0,0,0,0.9198729,0,9.657047,0,0,4.012945,3.676832,0.7907545,4.819576,5.488389,6.925973,0,0,0,0,0,6.447779,0,0
"3-Jul",0,0,0,0,,8.500134,0,0.9280046,0,0,0,0,,5.5281,0,0,6.100458,0,0,0,7.812317,0,4.099133,0,5.841046,11.94378,0,5.8629,8.136229,0,12.9994,0,6.411763,0,4.692762,0,7.407305,0,9
"4-Jul",0,2.924744,0,0,0,0,1.617455,4.248013,0,2.670386,1.468907,0,6.242258,0,0,22.94377,0,0,0,0,4.348784,0,17.32082,0,8.174617,0,0,0,0,0,7.14867,0,0,0,2.805213,0,0,10,0
"5-Jul",0,0,1.435388,0,0,0,0,9.719242,0,28.02723,0,6.06892,0,4.992006,0,0,0,0,0,0,0,0,5.966093,0,6.009624,3.039611,0,0,7.118126,0,0,0,0,0,1.081722,0,0,10,0
"6-Jul",0,0,6.723254,0,0,0,1.509287,0,4.095288,9.078012,0,6.308148,4.737718,4.098199,0,0,0,0,0,0,13.75233,0,9.695522,0,0,7.962986,0,0,0,0,0,0,0,0,1.75587,0,0,9,0
"7-Jul",0,0,0,0,0,3.052022,0,0,7.034327,0,0,0,6.701171,0,0,0,0,0,0,0,7.295067,0,0,0,0,0,0,0,3.086659,0,0,22.38191,0,0,9.814844,0,8.709885,18,0
"8-Jul",0,0,0,0,0,0,7.6082,0,0,0,0,23.12174,3.909486,2.360549,2.40588,18.25335,0,0,0,3.824489,9.635564,0,0,0,0,0,0,0,4.038424,0,4.838568,0,0,0,0,0,0,7,10
"9-Jul",40.11856,0,4.951232,0,0,6.922131,1.887925,0,0,0,1.46191,14.26539,0,3.578001,4.278002,7.66427,0,0,0,0,11.29897,0,0,0,0,1.386932,0,0,5.145995,3.058021,0,0,0,0,0,0,3.089425,0,0
"10-Jul",0,6.354406,5.74931,0,0,11.66544,0,0,0,5.267947,0,0,0,0,6.431592,0,0,5.632665,0,0,0,0,0,0,0,0,0,0,6.040443,3.929246,0,0,0,0,0,0,0,9,0
"11-Jul",0,0,0,0,0,1.26197,0,0,0,0,0,,0,3.664781,0,0,0,0,0,0,9.000001,0,0,0,0,0,0,0,0,0,0,0,0,0,0,0,7.134292,19,0
"12-Jul",,4.433924,4.066517,6.536336,0,0,0,12.69408,0,1.835934,0,0,0,14.2732,0,2.378813,0,8.564408,0,0,0,0,0,0,0,0,0,0,0,0,0,30.77555,0,0,0,0,14.04427,9,0
"13-Jul",12.99021,0,0,10.92068,0,0,0,4.095206,0,3.77788,0,5.462083,3.03014,0,0,0,0,0,0,6.871109,9.457393,0,0,0,0,6.008182,0,0,0,0,0,6.091944,0,0,4.214674,17.07804,16.50776,0,0
"14-Jul",0,0,8.093301,0,0,12.55586,0,0,0,0,0,4.937809,0,6.486133,0,3.521645,0,0,3.480587,23.72709,0,0,0,0,0,2.753449,8.749586,0,0,13.74543,3.059731,0,0,0,4.532546,0,0,0,15
"15-Jul",0,21.43695,18.5357,0,0,2.364432,0,6.516125,0,2.086438,0,32.9803,6.886661,23.62391,0,13.76487,6.153466,0,0,0,6.862491,12.38743,0,0,0,25.3339,3.005877,0,0.7561785,4.874105,0,0,0,7.812684,13.36805,0,41.23036,10,0
"16-Jul",,0,6.156216,0,0,6.542676,0,0,0,0,0,21.46234,0,2.823771,0,2.286827,0,0,0,0,0,1.134214,0,0,0,0,0,0,0,0,0,44.33257,0,15.23107,17.03596,0,18.47709,9,0
"17-Jul",0,0,0,6.410649,0,14.78867,0,5.696209,0,0,0,0,0,0,0,0,0,0,7.383699,13.11585,30.49555,3.007368,0,0,14.74929,0,0,4.041607,0,5.479355,0,0,0,2.617539,0,0,2.479572,0,0
"18-Jul",0,14.96111,0,0,0,8.610678,0,14.35452,0,36.07196,0,5.834044,0,1.623734,0,16.17636,0,0,15.87115,8.574531,9.000001,0,0,8.653521,0,0,0,0,0,0,0,0,0,0,10.20262,0,2.580447,0,0
"19-Jul",0,0,0,0,0,0,0,0,0,0,0,0,0,0,9.25194,5.226763,9.241604,0,0,2.24305,0,0,0,5.714515,1.627391,8.189006,0,0,0,0,0,0,7.019745,0,3.675602,0,0,0,0
"20-Jul",,0,5.148552,0,0,0,0,3.650629,0,0,0,0,0,0,0,11.74227,0,1.564017,7.006213,2.754283,20.57445,0,0,0,0,11.29591,0,0,0,14.55622,0,10.28884,0,0,0,0,0,0,0
"21-Jul",0,0,0,0,0,,0,5.231193,0,0,0,8.750401,0,0,0,2.841588,4.329704,5.400847,0,3.332409,15.75985,0,0,2.321764,10.81093,0,0,0,11.02985,0,3.699797,13.36186,1.934047,6.857965,0,0,0,10.28571,0
"22-Jul",,0,10.32594,0,0,3.641896,0,0,0,0,4.207645,0,1.875144,0,0,0,7.145355,3.997758,5.107516,2.12802,1.55951,0,17.29726,0,0,3.102016,3.809105,0,0,0,0,0,0,0,5.997066,0,0,0,0
"23-Jul",0,50.00022,1.33018,,4.938104,0,0,0,0,0,0,0,0,0,0,16.68534,7.292363,5.715868,0,0,4.674695,8.491077,21.56314,11.53302,0,11.22629,2.950114,0,0,10.17948,0,24.76363,0,3.776008,0,0,2.507421,0,0
"24-Jul",0,8.90607,0,,0,1.238282,0,0,0,0,0,0,5.756809,15.93276,1.66544,0,8.924699,0,0,0,0,0,11.69999,2.00389,0,0,0,33.18615,0,0,12.73254,0,0,0,0,0,0,21,0
"25-Jul",0,5.023452,0,0,0,0,0,0,0,0,0,0,0,7.882123,0,0,3.559611,9.108978,7.486823,0,0,8.945635,3.491032,1.017895,0,0,10.31435,3.826343,0,0,0,0,4.789212,0,4.225122,0,0,13,0
"26-Jul",0,0,0,0,0,0,23.21906,0,0,0,0,1.54996,6.989077,0,2.870941,0,0,0,0,0,0,0,0,0,0,0,0,0,0,0,0,0,6.951275,0,6.899518,0,0.4571722,0,0
"27-Jul",0,0,0,,0,0,0,0,0,0,0,2.476961,4.381474,0,6.115738,0,3.183694,8.789226,0,0,0,5.540465,4.815371,15.16981,18.3231,0,0,3.59283,2.963156,0.8073957,0,2.306269,0,0,0,0,1.7606,0,0
"28-Jul",8.25185,0,4.945013,11.83983,,0,0,0,20.88684,0,10.39584,0,48.9973,0,0,0,0,0,5.248971,0,0,0,0,0,2.134594,0,0,8.630775,11.14467,0,8.585532,5.250167,4.933483,0,6.337417,0,0,0,0
"29-Jul",8.82257,7.201913,8.111538,0,0,1.024969,13.03386,0,0,1.960517,0,0,6.299747,0,0,0,0,0,7.628014,10.9278,0,0,11.88927,0,3.182365,3.328932,0,0,4.677372,0,0,0,8.257723,0,0,0,0,9,0
"30-Jul",0,0,0,16.03409,0,5.009091,9.921103,0,0,3.980631,0,0,0,0,26.30125,0,0,0.7603979,0,5.238784,0,0,14.64701,0,7.897395,0,0,0,0,38.51773,6.553319,0,11.09931,0,0,0,0,9,0
"31-Jul",9.296627,0,4.581775,7.404683,0,59.42204,0,0,0,16,0,0,5.736946,0,0,0,5.267876,0,0,7.148096,0,2.271713,16.72023,6.85481,6.438274,0,6.958125,16.74485,0.3867865,17.43793,0,0,11.26056,0,3.202518,3.311087,0,9,0
"1-Aug",4.898835,0,2.286324,,0,8.433943,3.66289,0,0,0,0,5.57989,3.727217,0,0,0,10.12364,0,0,2.18534,0,20.71786,0,19.59991,0,11.78757,0,5.538196,0,5.657835,9.799932,0,0,0,0,10.33619,0,0,0
"2-Aug",0,0,13.60118,0,30.69886,6.76967,,0,0,0,0,0,0,0,11.18866,0,39.1589,3.870186,0,0,0,0,1.986292,0,3.032161,1.997945,0,0,8.894925,2.466007,9.88248,8.692836,10.18861,0,0,0,6.904163,0,0
"3-Aug",0,0,7.176444,,0,0,0,0,0,0,0,0,0,0,0,4.657507,0,2.742332,16.97421,0,0,0,0,10.08218,15.05048,16.41606,4.666605,4.945514,4.279756,0,0,24.63511,0,0,0,0,0,0,9
"4-Aug",0,0,11.06963,0,0,4.909783,0,3.007932,3.292563,0,0,0,7.987619,0,9.123531,13.92957,7.128923,0,0,0,0,15.23325,0,1.459193,5.641669,7.087924,4.309065,0,10.67902,1.950873,0,5.110962,0,1.034377,6.600248,0,0,0,10
"5-Aug",0,0,0,0,0,1.715673,0,0,0,9.880777,0,0,3.80422,0,1.056744,0,0,0,0,0,4.663235,0,0,7.091553,0,0,0.9800355,0,0,7.686552,6.199028,5.592292,2.757014,5.211341,0,0,4.638774,0,0
"6-Aug",3.891827,0,0,0,0,0,0,2.170583,0,0,0,9.292565,1.949563,0,3.288423,0,5.839102,0,0,0,37.09364,0,5.196351,3.933904,26.02564,1.899309,0,0,4.373158,0,0,9.248129,0,13.96665,8.512091,0,13.95846,0,9
"7-Aug",0,2.492684,0,0,0,18.27462,4.963227,42.69362,2.639505,0,9.256104,0,1.792943,0,0,3.234548,3.824085,0,16.43058,27.11284,0,12.4971,0,1.437431,7.647169,3.019133,0,0,0,2.175381,2.663322,15.5049,0,8.107652,3.685282,0,2.438396,10,0
"8-Aug",4.46839,0,0,0,0,0,2.909959,,5.331593,0,6.385278,0,0,0,3.757817,0,0,10.92009,7.342699,0,0,0,0,0,0,3.65946,0,0,0,3.890912,18.69974,1.169036,0,0,3.275223,0,11.08548,0,9
"9-Aug",0,0,0,0,9.078794,7.355156,0,0,14.16421,0,18.55391,2.705284,0,0,0,0,0,7.492152,0,6.313344,0,2.840388,0,7.435017,0,0,0,0,0,2.104771,0,9.923322,0,0,97.89603,0,0,0,11
"10-Aug",11.17558,7.032891,9.000001,2.096945,0,30.31693,4.979714,0,0,23.04821,0,4.827987,1.902105,0,0,0,0,4.547877,7.574084,0,0,5.912155,4.491842,0,19.41441,0,0,11.38595,13.58642,0,0,0,0,0,12.25397,0,0,0,18
"11-Aug",3.343787,0,9.196897,10.29693,,0,0,0,0,4.561255,0,4.875176,0,1.709578,0,0,0,0,7.820538,10.42909,0,3.380036,2.352301,2.673764,0,7.170336,0,2.659173,0,14.69126,0,3.762846,0,0,49.95765,0,0,0,0
"12-Aug",3.513346,10.89306,0,,0,5.076755,8.080188,0,7.810618,0,0,16.80905,0,0,0,0,3.904001,0,0,0,5.435027,11.18544,0,5.497011,3.337304,1.865303,0,7.434655,0,17.60531,0,9.951226,0,4.983861,6.595625,0,0,16,9
"13-Aug",0,,1.807253,0,18.48955,13.07961,10.91128,0,36.77895,1.362278,0,10.52502,0,0,0,0,0,2.407994,21.26232,0,13.46041,0,4.727824,0,6.731816,2.71417,0,1.144512,45.78633,8.201834,2.010346,7.813504,0,0,8.396427,0,0.9671659,23,22
"14-Aug",0,,25.29637,0,5.355079,18.32697,16.39378,0,13.70661,0,,8.475637,9.74622,0,0,0,10.55892,11.22826,3.849919,0,0,11.02437,2.239192,0,6.773982,0,7.240019,0,2.29609,0,3.462723,0,0,4.281882,1.866068,0,19.10631,33,0
"15-Aug",5.679275,7.781139,0,0,9.998322,12.85516,0,0,9.278083,0,,9.299437,28.58128,0,0,0,0,0,0,0,0,0,0,0,5.408888,6.416898,9.296319,0,16.18278,0,1.381465,3.819834,0,2.000655,5.802151,0,0,0,9
"16-Aug",4.475042,0,2.898828,0,0,0,0,0,0,1.313732,0,,0,0,0,0.708339,4.553026,9.398294,18.61685,0,18.95046,2.248564,0,0,8.537148,0,6.97076,0,4.461668,0,0,0,0,0,4.162709,0,0,18,9
"17-Aug",0,0,0,0,0,0,3.623664,0,0,0,0,20.94481,4.212605,3.758295,0,11.32623,0,2.965413,3.937647,7.181727,9.505886,4.550664,1.863329,0,0,13.82716,1.754365,2.988303,1.897552,0,16.11504,0,0,0,0,0,0,13,9
"18-Aug",9.408583,5.284379,0,9.737083,9.296198,0,0,4.15449,0,0,0,15.3081,16.16309,24.95697,0,1.911095,0,7.095237,12.37891,0,11.19227,0,2.860449,0,1.991306,8.33147,0,0,1.518409,3.447196,3.746634,0,0,0,11.40942,0,0,13,0
"19-Aug",11.16696,22.27574,0,0,0,0,0,15.98811,0,0,,0,7.539841,3.834092,11.03559,1.347281,0,0,0,0,0,0,15.07256,0,4.320115,15.4432,7.340096,0,4.287397,0,3.949194,1.536292,3.7801,0,8.020563,7.011834,0,10,9
"20-Aug",2.543921,6.402322,,0,0,9.428548,0,0,0,0,0,0,0,16.33447,0,5.735772,0,3.951926,0,0,9.011041,0,4.114883,0,0,3.198318,3.180006,0,6.104043,5.141087,5.046568,0,0,0,0,0,3.36869,18,9
"21-Aug",0,5.283308,0,0,0,24.2054,0,0,0,0,0.9970573,0,0,1.970671,11.46997,0,0,0,0,0,17.52247,0,1.866884,0,0,4.457495,7.387404,15.27591,6.391162,0,12.16869,0,0,0,7.491883,2.169439,4.958513,9,9
"22-Aug",0,10.26872,0,0,0,11.29649,0,0,3.53845,9.045279,16.45483,2.966873,0,5.864582,1.05088,0,0,0,0.5747944,0,6.505695,6.821666,0,0,0,11.7922,11.35493,2.883847,0,7.901183,20.6732,0,3.973331,8.268656,7.398947,2.008433,14.36332,9,14
"23-Aug",2.774489,4.457641,0,3.480608,0,0,0,0,28.93012,4.199335,10.22899,3.412113,0,10.08221,6.362973,0,5.324447,0,0,6.253899,15.96572,12.11023,7.222007,0,2.264573,0,0,0,0,0,6.021585,20.58934,3.313546,0,0,10.27021,0,14,0
"24-Aug",0,5.253638,6.838853,0,5.033149,1.252906,0,11.01969,0,7.200491,0,0,0,0,4.236603,3.916302,4.836498,0,0.929305,0,0,2.967711,0,0,0,3.067617,0,5.198225,0,0,3.461474,13.25772,0,0,3.525655,2.288936,0,9,0
"25-Aug",13.46793,0,3.933392,0,0,4.543885,0,12.30353,0,9.957792,9.304963,0,0,4.270698,0,2.848562,0,0,4.972247,7.20122,15.74779,3.4489,0.9273508,0,0,15.52916,0,14.02347,8.183168,7.525927,0,13.24699,0,4.271005,7.70193,9.601982,4.740027,12,0
"26-Aug",6.886545,3.164326,0,0,4.868758,4.336097,1.474657,25.77648,3.013816,1.988704,0,0,0,12.66271,0,2.675067,8.131079,0,1.115554,0,1.410266,7.855242,2.842567,3.934283,10.44502,7.959998,5.501696,1.54299,0,0,0,0,10.28629,0,1.381201,1.303381,6.975058,0,0
"27-Aug",0,0,0,0,8.489512,6.513975,0,7.904351,40.43163,0,0,0,0,7.942109,0,0,1.75763,0,0,0,5.061639,0,0.8221316,2.667009,4.46157,0,0,0,15.09657,1.560736,0,0,0,0,3.984405,0,9.040956,9,9
"28-Aug",11.64431,0,4.092866,9.09524,0,5.397407,0,18.06628,0,0,0,3.007814,3.083499,6.920039,0,1.981372,1.600023,0,0,16.39952,5.673863,0,0,3.650404,0,13.45636,0,23.67909,14.55431,0,0,10.99556,0,0,6.914675,10.60232,4.882756,10,0
"29-Aug",1.481128,0,13.10598,0,0,24.70695,3.897856,0,0,0,2.114721,8.368043,7.175489,3.017505,10.63786,9.204838,0,7.730249,12.23044,0,0,5.911483,0,8.27434,4.485891,4.888971,0,7.816572,0,6.623776,0,4.299814,0,0,7.348054,1.177351,0,9,0
"30-Aug",0,4.445693,11.48537,0,0,0,3.195078,0,4.34349,0,0,16.46648,0,1.823804,0,14.84081,2.353321,5.385943,0,4.221392,0,0,0,6.1115,1.279035,0,0,0,1.558764,13.98008,0,2.736759,7.974386,0,0,0,6.392359,18,0
"31-Aug",0,0,5.716214,7.696705,0,0,10.80404,0,,0,0,0,0,9.17153,0,5.847051,2.681395,6.637622,0,4.448981,0,6.647527,0,2.258747,4.035985,0,0,0,10.74382,3.0151,0,11.18871,0,0,10.26921,0,9.834602,15,18
"1-Sep",4.303912,0,0,0,0,0,9.607869,4.076193,4.010052,0,3.289304,0,4.204509,1.731695,0,0,2.94463,4.773,9.743285,3.939973,0,0,6.877194,0,8.107066,6.170831,0,0,2.398518,8.457257,6.745157,13.58205,8.794253,0,2.996581,0,0,0,12
"2-Sep",14.37442,5.637717,12.17393,7.668472,0,4.477465,4.465835,6.410458,0,4.282409,0,7.689058,25.36041,0,0,0,0,5.119637,0,0,4.651783,0,1.676348,2.208405,2.78215,5.864129,5.740781,0,0,3.295624,3.274403,11.10419,3.821911,0,1.755357,4.476421,5.492009,0,9
"3-Sep",7.779609,5.841546,3.886214,,0,2.498182,3.831433,5.697116,8.466833,0,0,5.440277,13.62354,15.5666,0,3.53607,4.371318,0,0,3.240595,0,19.04465,4.716403,0,12.41745,0,6.591473,0,2.781173,17.28561,36.72283,3.147404,15.53263,0,62.49765,1.974314,5.392686,18,0
"4-Sep",3.421662,4.468542,5.699453,,0,10.08275,7.327952,2.841887,0,0,0,0,10.81115,9.76796,0,0,0,0,9.030376,0,0,18.81129,0,0,6.077404,0,8.437934,0,1.608431,0,0,13.17091,2.775906,26.22749,0,4.880819,0,17,28.8
"5-Sep",2.930424,3.079221,1.927569,0,0,13.0379,5.584307,0,18.21427,0,5.935482,0,4.319857,34.56626,0,0,1.93622,0,0,0,0,0,4.552428,0,4.107168,4.329309,2.684444,0,15.77032,0,0,8.218416,4.437299,2.571918,2.455193,0,4.031868,0,25.33333
"6-Sep",11.47092,,8.829926,0,2.776097,11.99961,14.12796,0,0,0,12.56271,0,0,0,0,1.345014,0,7.263416,0,0,4.312325,0,14.85714,0,2.397165,10.36758,4.659017,4.623935,0,12.45612,41.54254,7.348101,5.661121,0,0.7055884,0,18.06018,35,9
"7-Sep",4.77368,,0,0,7.138726,31.35942,,0,12.89243,7.570547,,18.89051,12.8449,0,0,0,0,0,2.471454,9.803566,1.568281,0,0,0,21.95696,0,7.252587,0,3.077759,12.4468,4.149995,0,0,10.77349,0,0,1.333073,21,0
"8-Sep",0,0,13.40686,11.20143,0,3.817282,42.20409,2.114334,6.740691,4.1795,4.380639,7.661527,17.70897,4.192827,8.291311,0,12.55261,18.93553,14.02613,0,4.434872,0,8.084166,31.28301,7.269999,14.63846,6.360932,0,7.086051,2.869549,2.580214,0,13.93543,0,0,19.46699,26.86024,11,9
"9-Sep",0,0,5.950735,3.569445,0,3.841544,13.63456,9.278425,1.144342,0,0,0,0,4.293205,6.367893,5.756567,0,0,12.99357,0,21.43927,0,0,39.49477,2.509181,1.94245,0,15.5377,9.445536,10.33831,6.032666,0,11.05655,0,2.283283,0,7.300362,16,0
"10-Sep",9.210566,10.02999,0,0,0,15.70038,0,0,0,16.16047,0,0,12.47084,16.11491,0,9.030871,1.329905,6.279603,0,0.8264797,4.606134,0,0,8.11564,5.624211,4.606934,0,9.333132,7.733284,2.059273,3.948304,0,4.879898,0,1.386314,0,4.733251,9,9
"11-Sep",1.115958,41.24302,9.073853,0,0,5.086946,0,0,0,10.73199,0,6.183888,9.889174,2.848307,0,0,,0,0,3.190348,5.669343,0,0,10.61992,43.48494,5.982363,0,13.28233,2.22503,6.428603,0,5.472219,0,0,7.402996,1.588791,4.674154,9,0
"12-Sep",15.16783,4.26743,24.83349,0,0,,0,0,0,0,3.618453,0.912609,,0,0,2.231209,3.980165,0,2.088924,3.541308,0,8.793417,29.15469,5.156577,3.370921,26.18918,10.7798,19.73618,0,23.14493,7.03879,0,0,0,0,3.291126,2.554412,18,5
"13-Sep",6.634898,0,0,0,4.805997,2.618527,0,0,3.72613,0,0,0,6.805445,0,4.074811,10.78685,2.327239,0,13.88159,0,0,9.134277,0,3.003243,5.156398,0,8.882541,0,0,8.315973,2.416538,3.623458,0,0,7.999849,8.391746,0,5,0
"14-Sep",,2.910425,,0,4.53501,,0,0,0,20.08217,2.044082,0,0,1.51501,0,0,11.15402,0,0,0,0,13.85795,10.07924,6.244812,6.334746,6.628412,7.044092,5.340746,8.294396,6.680359,2.899311,2.298669,3.589986,2.890874,0,19.08411,0,9,0
"15-Sep",7.801718,6.531641,0,7.338801,0,5.987733,0,4.125918,10.06444,0,7.364739,0,0,2.444153,0,0,0,6.520176,4.140285,4.772883,2.759581,6.111545,5.804017,22.23919,6.170822,5.238522,4.771587,9.585628,3.60235,6.150918,0,0,2.248884,2.131902,0,0,4.992248,9,9
"16-Sep",4.054172,11.32648,0,0,0,11.33851,0,0,0,,0,7.216079,0,3.933541,0,0,0,5.935691,9.451111,5.439293,9.616283,8.089786,6.702349,4.503762,0,0,4.323649,4.386816,0.3414015,0,0,4.895926,2.648177,5.773929,2.643269,0,0,3,15
"17-Sep",3.525978,0,3.148556,19.25757,6.229151,3.814305,5.119921,7.29316,0,0,0,0,8.981143,6.730768,0,9.721145,0.892101,7.962976,14.25815,10.57342,2.893435,24.91493,8.753109,13.27364,2.744493,0.8617335,2.82595,15.87589,11.77649,5.754137,3.869941,4.856366,0,4.035878,26.81441,4.39061,3.891313,0,13
"18-Sep",5.265484,0,9.1885,20.11289,0,4.715472,,6.769586,0,0,5.088164,0,0,5.07849,0,5.266322,11.48801,10.08909,10.28571,0,12.27975,1.488892,4.662834,4.079273,0,6.627307,14.99556,10.2843,11.67936,0,19.43684,16.57273,7.989846,0,4.262148,0,30.55694,0,4
"19-Sep",13.42556,0,0,9.216436,4.488074,9.827649,0,0,0,5.303044,2.802094,0,16.9986,15.86488,0,12.40126,8.927784,0,13.71429,0,0,0,0,3.321702,3.837369,0,7.914394,26.85784,3.524072,5.414503,0,5.388478,0,0,9.488594,4.507969,0,22,18
"20-Sep",5.355155,0,0,0,8.250862,5.095188,5.212486,2.466909,0,0,0,3.998585,12.36025,8.512465,0,14.69343,0.2690961,0,20.57143,0,0,0,0,4.428087,1.305496,5.879879,16.06851,5.256835,0,0,8.247109,12.46288,0,0,11.60267,2.312382,9.54111,9,0
"21-Sep",4.573006,0,0,4.228082,0,7.709941,7.642277,7.80303,0,0,0,0,0,4.981572,0,,0.5372041,10.75418,18.41542,0,0,6.865612,0,5.849449,0,0,15.13992,5.321139,0,0,29.24635,38.28034,3.307567,0,0,0,4.220076,10.28571,9
"22-Sep",4.810127,0,0,0,0,0,1.8832,3.45758,2.9075,0,0,5.302055,8.588147,0,0,0,3.228163,3.506957,7.030937,4.208633,0,12.22844,0,8.221767,18.10262,1.321418,0,3.265946,0,5.161941,2.956637,9.170609,12.22118,0,0,0,0,9,9
"23-Sep",8.102849,6.453136,10.96994,0,,0,0,9.07979,0,,0,7.259767,0,0,0,0,6.148736,7.833866,5.84876,1.828708,1.008586,2.873874,0,5.412661,1.206106,16.83277,10.98951,0,5.377697,9.415813,11.14018,4.591842,0,0,0,0,2.338032,9,0
"24-Sep",0,,0,0,0,10.18579,2.489697,0,0,0,7.224609,0,0,0,0,0,5.854361,5.984731,8.65162,4.771721,0,3.067682,0,0,1.763413,14,2.662734,0,4.122721,11.61925,9.342141,8.788852,0,0,8.151896,0,0,14,18
"25-Sep",0,5.679849,0,0,4.060215,3.977852,23.10613,5.201551,0,4.543895,2.33751,0,0,0,0,9.629825,3.897225,0,2.136891,1.928312,0,13.60105,0,0,0,2.655622,0,5.132245,0,0,4.24292,2.197499,0,0,3.504956,15.17349,3.261132,9,9
"26-Sep",2.869319,0,0,0,5.91872,17.66037,0,1.781125,11.3466,0,0,0.6217156,7.555039,0,4.802351,7.849459,7.250179,10.41038,5.258922,0,0,0,0,0,0,0,0,7.268765,0,3.235214,2.931035,6.529525,3.841896,1.640919,11.05028,8.056267,12.89309,9,9
"27-Sep",8.448788,,2.670792,1.988758,7.145957,0,0,8.257749,4.867176,2.510909,0,15.883,7.94835,0,0,2.234153,1.629182,0,8.539966,0,1.393425,25.70512,0,19.29121,0,0,4.04903,5.561915,2.64781,0,3.057448,3.396217,2.09649,3.349631,1.990206,0,0,9,18
"28-Sep",0,0,0,4.024952,12.50441,1.296229,0,0,2.986253,0,6.902303,,1.877086,1.011287,0,3.543078,14.82615,10.86071,10.28571,8.720539,10.51834,12.6235,0,0,2.748769,0,0,3.566545,2.501722,5.50501,8.79536,0,0,1.719821,16.03279,12.51242,1.812987,15,9
"29-Sep",3.578952,7.877512,0,0,4.59204,5.318521,7.373003,8.300471,0,0,7.781288,7.837813,6.404472,1.948,0,4.495599,10.56671,11.58033,29.33333,0,0,0,0,0,3.375399,9.863753,0.8380018,3.021647,5.093809,0,16.59934,0,0,1.037288,2.407566,10.58015,7.662627,11,
"30-Sep",8.835652,50.3027,0,0,8.611416,4.319442,0,1.537,0,0,0,2.505951,3.468084,10.77306,2.397641,3.724417,6.677232,0,17.18356,28.95464,0,7.678072,4.310069,5.364639,0,3.565696,12.74726,10.60699,6.230267,5.235184,10.83036,15.29424,15.14986,0,1.823212,0,10.19805,19,
"1-Oct",0,6.156042,0,0,2.879507,0,0,12.87009,0,1.351783,2.704173,0,10.37619,16.20354,1.633216,3.960653,0,0,0,18.49101,0,3.207845,6.390132,20.66412,3.354007,23.52659,7.676026,16.07604,7.670065,5.197894,0,5.386416,5.821305,0,11.71608,0,9.890078,0,
"2-Oct",7.895808,6.508343,0,28.47629,0,1.810733,3.4081,0,0,0,0,0,0,0,2.868798,32.56242,4.006578,7.336426,11.88026,3.176899,0,7.252995,0,0,2.797043,5.076904,0,0,5.544136,0,5.009786,16.43134,17.15927,12.53816,0,0,20.28711,0,
"3-Oct",0,4.788919,0,0,0,3.778888,15.23912,3.092252,0,12.28887,0,6.97088,0,9.824804,0,0,8.634805,0,10.81676,4.742967,5.786073,2.88712,0,0,10.58413,7.969025,0,0,12.26337,6.804881,4.372884,10.36669,0,7.088286,0,0,6.154122,0,
"4-Oct",0,0,0,,0,13.88005,0,0,0,0,3.033453,0,0,0,0,0,16.66014,6.689805,0,9.29813,4.092009,9.459822,0,0,0,13.64797,8.708984,0,0,2.642983,5.171513,10.04418,0,12.67037,0,47.42039,8.072153,14,
"5-Oct",5.405321,0,2.385634,0,0,2.93634,7.921203,0,0,9.641913,0,0,12.54654,26.43071,0,,3.581223,6.493938,8.951115,6.115347,3.096803,0,3.199931,4.850551,5.715869,0,3.974614,17.57033,10.92039,0,0,10.04809,0,2.910154,0,0,8.029594,9,
"6-Oct",11.601,30.79082,0,0,7.621263,17.76545,0,0,0,10.62763,0,2.708224,7.575429,3.170003,1.833449,0,2.762314,3.186704,0,3.65746,4.120189,0,5.619868,0,6.120549,5.720755,2.239492,5.017903,7.270897,22.43687,2.4581,0,0,0,0,0,18.54222,9,
"7-Oct",3.73083,6.235033,3.070219,0,2.226986,15.08044,10.48948,0,0,9.456682,1.935203,3.218244,2.436497,20.3807,0,0,4.673897,0,14.07792,16.40816,13.61728,0,0,4.708707,2.134093,12.6358,4.608473,6.483901,6.048475,10.89726,0,0,4.90664,3.279325,4.304795,0,0,7,
"8-Oct",0,7.071613,3.930315,7.206553,2.720743,2.177632,44.58478,0,0,10.88609,1.343077,8.39653,6.85437,0,6.875618,9.467823,0,8.470641,11.17324,29.99898,1.861497,0,0,3.887468,3.277241,1.758867,0,2.541556,0,15.43083,0,10.67954,22.12705,9.952048,0,5.355501,6.233432,18,
"9-Oct",33.43393,5.020666,0,,8.126875,0,0,8.607014,7.919659,0,0,6.416693,0,0,5.352783,0,11.56176,9.21677,22.37171,11.88016,5.212131,0,3.996087,21.01805,12.12426,14.48888,0,2.933431,0,5.953682,21.37142,4.320892,7.293643,0,8.047155,7.149043,12.5962,18,
"10-Oct",12.29852,15.92257,12.84361,5.959797,14.00307,0,,5.001041,11.39565,8.308402,0,3.533187,0,0,23.45955,0,5.953934,9.519377,13.9004,0,5.442441,0,0.4921126,0,3.176722,0,3.013019,1.90381,0,2.65956,10.18048,0,22.11468,0,10.78972,6.742854,1.766868,15,
"11-Oct",5.053681,0,0,51.36147,37.46398,,7.673378,9.691229,4.968742,0,0,6.526715,0,7.146214,15.36088,0,2.290214,2.294368,0,0,2.382087,0,9.707061,0,3.703223,8.336895,0,1.343732,0,0,4.003882,0,11.53128,0,5.730938,1.103553,4.796571,9,
"12-Oct",10.87223,0,0,24.49197,0,4.152105,18.68978,0,25.39665,18.88852,0,0,,5.935729,,3.833864,13.51191,0,3.378786,0,8.197938,7.224266,0,0,0,6.131718,0,4.408255,10.34186,8.483326,2.714633,12.98625,0,0,8.667251,4.689783,14.19049,27,
"13-Oct",4.793486,7.719557,4.095159,12.7644,2.963794,4.683059,4.164563,4.386632,16.02463,13.01861,0,9.678699,2.252225,10.50445,0,17.54631,4.21945,0,0,8.168719,0,0,3.087714,0,0,8.258909,0,0,15.75247,4.980367,0,2.829011,2.823818,0,8.254135,13.09785,16.13752,18,
"14-Oct",9.968619,0,3.251725,7.89577,30.46384,14.69718,0,5.550303,12.77667,12.64827,0,12.26291,20.21134,0,0,11.83131,7.356889,2.316502,4.490837,11.00417,3.565007,0,7.88241,0,0,34.72063,2.150526,5.918506,25.87902,4.477457,3.508569,4.120314,3.639249,0,4.599876,10.43143,15.90879,27,
"15-Oct",17.5162,0,0,0,3.276267,18.45944,10.84133,0,5.752611,6.725097,2.936533,0,1.504248,0,7.946016,5.118025,5.242694,0,2.349559,0,0,0,4.846482,0,6.806371,0,2.550737,8.132346,7.669137,5.506393,0,3.558726,0,0,0,2.630622,2.301618,0,
"16-Oct",3.352103,0,3.490308,16.39606,2.616076,8.422459,11.53457,0,19.54933,3.292662,,0,0,2.653069,0.9110328,4.411421,0,9.677251,0,0,0,8.969178,5.338722,0,0,1.735039,4.332315,0,5.139654,8.890981,8.162582,4.956651,5.287201,0,3.94822,4.287378,4.29939,0,
"17-Oct",4.311793,0,0,0,5.38489,0,5.442871,8.192048,16.98734,14.95427,3.692521,0,3.106276,5.859218,5.145808,2.771844,7.592729,12.54332,10.05892,0,2.7955,3.01365,7.072999,4.260253,0,5.930444,2.159286,8.230381,12.93042,13.94783,3.065567,5.356092,5.902554,0,3.273244,4.23598,15.73191,0,
"18-Oct",0,0,0,0,8.707353,0,3.369127,13.40941,23.82163,2.031327,0,2.195712,9.452796,0,23.27291,0,0,13.12247,7.302381,2.049814,2.821773,4.574746,6.20277,0,0,3.744232,8.350564,3.359424,62.50619,21.65563,0,11.76643,7.572174,4.447277,12.85939,8.583812,27.29329,9,
"19-Oct",0,0,0,6.360429,7.242396,0,6.287519,3.583031,3.935833,10.88485,0.4382413,0,10.15639,11.5062,5.857793,3.205578,1.36215,3.833378,9.972158,8.090975,0,7.725641,0,0,3.573042,0,0,4.725446,31.44277,9.052395,0,15.1939,11.04753,0,0,2.930445,28.07488,6,
"20-Oct",0,0,1.873667,0,2.961366,0,3.175447,0,10.719,9.215492,9.347569,7.90408,16.46902,1.388523,17.25879,3.273137,0,14.22221,4.254323,1.06002,0,4.070117,19.61728,3.132158,6.207308,24.7189,0,3.651441,6.128007,7.478213,9.873405,23.95423,3.561849,0,7.807267,0,16.04006,17,
"21-Oct",3.580604,0,0,0,10.22416,1.722329,0,0,8.183816,15.86746,0,4.641828,0,5.778799,22.9263,4.154639,3.412221,0,0,3.554733,5.133381,21.52628,0,3.951091,4.357922,11.89388,0,2.239873,0,0,0,5.023495,2.726801,9.944275,7.257025,0,3.841254,9,
"22-Oct",3.717448,0,4.776622,0,20.97836,0,0,0,14.5152,14.26797,4.024993,12.96665,7.325254,10.51884,10.06115,0,5.37921,4.166344,0,0,0,5.861002,0,15.51669,7.106249,9.05725,0,4.270703,0,35.49036,16.34471,4.803654,25.37956,0,0,0,2.410309,20,
"23-Oct",12.80533,,6.093927,0.7334386,9.155952,2.161016,0,10.24207,23.39105,0,0,8.356129,11.53363,8.966154,2.018282,2.242093,0,0,10.00118,4.494046,8.091725,8.037852,6.877508,28.37758,14.71884,1.698062,5.643266,5.485396,9.838316,8.199034,3.66481,12.65634,28.13124,0,0,26.70918,16.36608,9,
"24-Oct",16.91684,0,0,2.011408,0,3.547357,1.358528,2.32103,0,5.079538,0,10.63914,6.900986,0,0,5.300044,27.23019,0,13.95126,5.107294,0,5.270149,1.378192,0,4.714792,23,3.692035,4.92647,16.43192,0,3.268589,5.268097,8.362873,0,10.84005,0,0,0,
"25-Oct",20.6122,31.38578,,10.4559,1.984205,2.357119,7.387379,5.418192,3.470987,9.578078,1.942554,7.114915,23.67477,5.290769,1.62106,0,0,0,0,16.54928,0,8.371364,3.784161,4.607039,0,0,4.2437,21.88855,3.750403,0,6.863606,6.10746,4.622825,0,10.33121,0,10.50473,13,
"26-Oct",0,0,,14.51566,0.8820331,0,0,11.45726,11.40776,9.858449,28.0966,3.262263,0,3.980343,0,5.709642,3.209037,0,6.017733,4.800776,16.1471,11.33072,5.590458,3.139148,0,4.27134,19.99172,4.06622,2.052715,5.713745,5.373473,0,8.980792,0,6.181691,6.122685,11.84151,9,
"27-Oct",0,0,0,0,5.40012,12.46256,0,14.22071,61.15885,0,0,0,9.822038,0,12.31422,0,0,0,6.654004,8.706468,5.493064,7.17257,6.636752,9.338123,0,11.57189,1.020708,0,2.781845,6.78382,9.211823,1.266805,3.00681,0,0,3.186954,27.5222,9,
"28-Oct",15.77602,,2.298003,2.416334,2.078659,12.83354,4.499755,7.239296,0,4.777983,2.232499,0,21.91397,13.07774,,0,0,3.252523,18.76403,0,0,10.55203,18.38191,21.84546,0,9.755631,7.51316,0,6.325375,8.909976,0,40.29353,12.00541,24.27,9.726119,7.957802,26.33439,9,
"29-Oct",0,0,4.984289,,0,0,3.479239,12.67516,0,0,0,2.746824,4.311675,2.586404,0,6.135275,2.42054,0,3.620367,7.302569,2.950023,6.704793,2.674868,2.673322,0,3.563377,1.086894,5.112876,1.88986,23.31405,8.923877,37.56739,11.33673,4.388747,0,10.14517,5.694054,45,
"30-Oct",0,0,0,16.93417,19.97282,0,6.053517,10.95573,3.536477,0,0,2.246261,6.069782,0,6.216099,0,0,8.428055,6.684158,2.724567,19.24089,11.97047,0,5.901487,7.62423,0,5.619876,0,3.148876,2.240471,5.992479,1.440424,9.650072,0,3.037894,6.754757,15.21634,0,
"31-Oct",0,0,0,0,4.783383,3.044709,,,3.714,0,6.303167,4.860678,22.39168,0,2.659478,4.654892,3.260046,7.481353,49.88346,24.71352,3.828894,0,0,10.58905,0,0,0,0,6.793522,0,14.59801,7.948461,11.53543,0,0,0,6.611916,0,
"1-Nov",0,16.83388,0,4.344531,3.595074,7.499667,5.498406,,0,0,16.15425,7.05734,0,0,1.313963,8.575654,0,0,10.52417,2.517545,1.288925,0,5.792202,18.92669,0,16.43095,0,5.750598,2.224607,33.07731,0,4.409179,4.200962,0,0,9.164874,4.554118,0,
"2-Nov",,0,0,16.28848,7.908063,0,0,15.09601,6.186096,5.1957,15.645,0,7.373178,4.500394,7.926991,7.114773,20.58204,3.802484,0,33.15894,5.367027,4.716709,6.863534,0,0,8.259653,0,3.817538,38.12722,17.03252,0,21.79314,18.81766,7.437973,19.1248,2.512906,6.968586,9,
"3-Nov",11.82104,34.97092,1.916402,10.26026,0,10.28868,0,8.744557,0,9.165125,8.421475,8.657129,4.556735,6.758486,4.662613,0,1.054181,2.83376,5.745376,4.539038,2.394022,14.57948,10.22521,22.48144,2.365687,9.80573,0,0,26.43741,14.6847,0,5.069925,8.739937,7.237425,15.46931,9.706026,5.098361,14,
"4-Nov",12.32476,0,11.68179,0,7.419778,13.88612,0,11.86616,2.30042,6.840214,0,36.77994,11.6844,2.307687,7.007073,0,0,1.670182,34.7442,4.008134,2.766752,5.332395,3.331568,6.894964,8.64432,1.638594,5.467417,6.589288,0,36.95689,0,13.93503,21.98811,9.1911,17.93295,7.424613,1.145309,29.71428,
"5-Nov",0,0,3.536749,,8.300958,5.64775,0,,4.421816,16.39138,6.943368,8.350903,19.5313,4.887206,5.354018,0,1.957261,0,0,8.887368,0,2.816017,10.63012,7.086956,3.753255,16.77651,11.08741,4.781194,7.791707,0,8.166974,0,5.593488,0,12.10807,21.8776,0,17,
"6-Nov",0,0,9.895473,0,17.29185,11.5218,0,4.961118,0,4.185728,0,7.422681,5.153337,10.39593,12.38421,0,6.713378,7.237774,0,13.3832,17.82782,12.51895,6.236763,7.143101,0,15.68746,1.766929,0,6.982636,1.669556,12.72293,0,13.04127,0,16.38938,1.762027,1.966906,27,
"7-Nov",9.183169,,3.853509,0,0,10.49486,,9.36475,7.436505,2.998082,5.937584,5.263045,9.911614,0,0,9.812967,4.540969,5.697432,0,0,0,12.73361,6.148853,0,28.13869,40,9.167722,0,8.492727,1.581911,3.609702,6.66318,5.257847,24.54202,21.90594,0,4.852869,19,
"8-Nov",14.35637,46.29926,6.882764,5.502369,16.25031,9.046329,,0,0,0,7.733145,5.008509,0,3.973948,5.798239,2.083037,7.566496,6.394418,9.627645,0,0,0,0,0,0,13.68341,2.977133,2.762339,16.42907,6.656126,12.80482,0,12.73121,0,7.357819,12.97694,2.037483,18,
"9-Nov",2.509706,27.44887,5.426958,0,5.478452,2.112855,0,4.625737,8.573051,0,4.358207,9.720784,6.252398,2.701641,6.112419,0,3.365334,3.042213,0,2.379536,2.894483,4.385878,1.400044,6.485713,17.95153,3.98944,6.529583,28.52999,8.776962,13.4848,6.822799,0,21.00908,0,2.16546,12.20547,3.536664,0,
"10-Nov",0,0,14.99712,7.187068,0,8.726385,,0,0,0,1.408524,25.44147,0,4.884799,0,9.262451,0,0,3.675012,11.50413,3.611781,6.497133,0,23.27717,1.155657,10.07281,5.994499,7.556518,5.029319,58.95882,2.040158,0,0,0,0,9.217803,4.467493,21,
"11-Nov",,,4.744691,8.166639,6.280541,21.9263,,0,0,0,5.136467,8.497134,3.643056,2.718392,2.374443,4.8264,3.558588,8.102548,7.157833,5.252353,13.94625,0,0,8.659915,13.84893,20.33453,0,0,1.750049,0,6.300945,0,11.08176,0,11.19831,14.27109,0.312666,18,
"12-Nov",,13.25845,9.338902,4.387355,15.8015,10.572,0,0,0,5.886768,0,13.26311,0,4.421462,9.400215,5.11263,10.26418,0,5.19207,10.84716,0,0,0,18.80865,12.93468,12.09064,1.623799,0,7.028396,0,2.05537,0,6.525425,0,13.06673,0,16.69814,0,
"13-Nov",,9.047726,14.02416,6.259806,0,0,1.679974,3.309312,,3.156239,2.180397,10.86014,4.933952,0,7.83914,0,7.127056,0,11.47992,14.41827,9.821801,31.0044,9.430766,22.59143,0,12.51062,2.150415,3.479145,10.15399,4.099767,0,0,5.944969,0,0,1.171786,5.704072,27,
"14-Nov",52.26808,4.459171,0,11,0,0,2.620669,25.76731,0,5.125135,0,3.152572,5.624792,8.637054,5.973998,1.398404,66.05724,9.474729,7.853127,0,20.80854,11.21926,10.06482,8.532819,0,10.9509,11.14972,6.918883,0,0,0,4.133703,6.12911,0,0,11.12972,15.30193,9,
"15-Nov",4.654575,,0,0,7.066581,,0,0,0,9.065933,0,17.02698,0,0,15.8548,0,19.03347,4.307951,7.945391,9.079449,5.441627,0,6.501159,18.85745,0,3.852146,,0,0,12.89142,14.12197,9.540773,15.47198,0,0,4.638323,0,45,
"16-Nov",11.54203,,0,0,14.02146,,2.093441,0,0,31.45103,0,0,3.814209,0,5.56194,0,0,12.47485,10.50277,6.147605,7.972607,0,0,6.545319,6.407606,0,,0,0,12.1549,0,1.375953,22.12532,3.50698,0,0,0,12,
"17-Nov",0,,0,0,0,,6.193182,0,0,4.364936,,5.9481,0,0,19.81313,0,5.20916,7.330403,0,16.72938,14.14359,0,0,10.27751,8.487366,0,0,5.112961,4.767705,0,4.158916,15.13532,14.75646,6.85473,5.612849,25.7672,9.383992,23,
"18-Nov",0,,6.001379,2.399515,7.201708,,19.33613,0,0,8.712485,49.19216,11.66804,12.09277,0,4.139597,5.786823,0,5.982181,4.28396,4.450212,9.179422,0,0,14.57296,15.06343,0,63.54074,6.549683,5.237484,9.26157,3.739552,0,3.427212,5.785196,0,12.88676,6.379936,0,
"19-Nov",0,3.965467,0,13.90466,0,,4.084759,0,,0,0,3.707638,3.129167,0,2.82216,1.706137,0,8.036923,1.873979,21.35525,7.795905,0.5542689,0,4.501649,5.846246,0,4.968246,0,14.32497,1.766895,0,8.10494,0,3.990306,0,2.974786,0,12,
"20-Nov",14.96645,,2.681395,,0,,8.062422,16.52743,0,0,0,0,13.26155,0,4.380262,1.871661,0,33.46608,0,9.939879,0,12.35804,0,21.00697,5.459216,0,0,0,7.110488,0,21.41101,20.12637,3.55651,0,0,0,9.551585,18,
"21-Nov",6.860045,,0,7,4.40762,,11.89779,9.378794,10.79591,17.78866,0,6.441133,16.85835,4.765177,7.681657,0,0,7.336035,8.305456,3.000444,0,8.974813,0,16.933,0,0,0,0,12.86657,3.501031,0,4.539605,25.23368,0,0,0,6.748168,9,
"22-Nov",0,,5.762984,7.685726,3.986795,,15.14964,0,11.7532,0,0,11.44623,5.482155,1.560521,2.105281,0,0,15.20091,5.899488,8.143636,9.629891,4.33065,0,23.71705,0,0,0,0,17.16952,0,4.523979,2.753459,0,0,0,13.04741,26.49717,0,
"23-Nov",0,,4.961826,0,0,,14.50117,0,10.35114,0,0,,0.8621982,2.666476,2.248344,0,0,6.002904,3.929488,5.65959,7.273636,19.03208,0,3.375836,14.14738,0,17.90711,3.128004,12.90811,0,7.394405,5.607355,7.457686,2.495686,0,0,7.629544,0,
"24-Nov",26.60296,,0,0,0,,0,0,0,0,0,4.201863,6.025874,3.652772,7.997097,0,12.38097,5.754323,0,0,20.69486,13.65382,0,49.23591,0,0,14.84484,4.098175,42.28441,0,0,19.68065,0,3.536027,3.343152,0,8.025834,17,
"25-Nov",0,0,0,5.243898,5.038611,,2.646568,0,3.66102,0,0,0,0,10.13029,0,0,2.196405,0,0,4.326282,0,4.584012,0,22.64486,7.524773,0,8.25384,0,0,0,3.968427,3.345427,0,0,5.400943,0,4.393636,1,
"26-Nov",3.185611,9.176236,4.773657,3.650721,10.60648,,12.47338,0,4.204124,0,0,6.299039,2.786466,0,13.44483,0,0,0,0,4.688619,0,0,0,0,0,0,0,3.288218,0,4.968041,0,8.19046,23.98128,0,0,0,0,22,
"27-Nov",9.240625,40.52434,0,0,2.675996,,10.70105,2.089723,0,11.9555,0,6.106757,0,3.359846,0,0,0,0,0,0,5.178359,0,0,0,0,0,0,0,2.013876,4.861882,0,21.65525,3.583593,5.312588,0,0,9.240841,18,
"28-Nov",4.872781,0,7.625598,0,3.278332,,0,0,0,37.75698,17.92006,21.29457,0,34.87937,2.15371,0,8.732322,10.61965,0,0,6.956004,0,0,26.81737,0,0,4.272857,0,3.288445,14.7893,0,11.6515,0,5.19699,0,0,12.02096,29,
"29-Nov",0,,0,0,0,,7.495686,0,0,13.41257,5.2305,14.7432,0,0,9.168407,0,21.08673,0,0,0,4.152173,0,0,0,2.128576,0,14.87051,0,30.1066,18.60554,0,2.18825,7.917035,3.285674,3.122028,0,13.21603,18,
"30-Nov",0,,0,0,0,,8.488578,8.825708,0,10.5603,11.21338,9.857708,0,10.95225,0,0,16.03184,0,2.720432,0,3.296849,0,0,0,0,0,23.51185,0,0,0,0,8.486426,0,0,6.286446,0,6.270755,0,
"1-Dec",0,10.82581,0,4.73061,0,,0,5.717152,5.723049,0,8.287336,,2.897807,0,29.49606,0,19.81384,0,4.016485,0,1.117163,7.57737,0,8.933729,0,0,2.1838,0,0,0,0,7.942098,2.79642,2.550357,0,0,21.59803,0,
"2-Dec",0,,6.502101,28.27948,0,,4.119001,0,3.671298,5.657355,0,0,0,0,0,0,23.39855,0,3.806132,0,6.679301,0,0,23.37646,0,0,0,0,0,0,0,11.01712,43.77098,7.324752,0,4.597738,15.60268,15,
"3-Dec",0,29.31022,7.254979,6.839698,0,,0,0,3.510329,3.057844,0,8.967188,0,0,48.3465,0,5.7196,11.66517,6.614229,2.649798,0,4.956658,0,34.82033,0,0,7.771918,0,7.434467,0,0,11.38488,12.89167,6.814776,0,16.47021,17.99672,0,
"4-Dec",0,,8.920359,5.077727,3.281425,,4.566621,0,3.546893,0,2.474134,17.25723,0,0,23.006,0,0,13.92191,0,5.550619,12.32715,0,8.10495,12.11763,0,3.122261,10.99464,0,3.225617,0,0,0,7.646585,0,0,2.149062,0,3,
"5-Dec",6.216021,,0,0,0,,2.91452,0,1.822443,14.64249,7.606678,11.31818,0,0,25.89097,0,0,9.019224,3.035311,0,3.607536,0,2.086692,27.03301,0,0,32.36321,0,9.464983,8.098118,28.50271,0,24.37653,0,0,12.01445,14.56944,9,
"6-Dec",0,2.188169,0,0,0,,,0,0,9.049743,19.40495,44.96205,28.01558,0,23.53598,0,0,0,0,2.339198,9.19989,1.8254,1.653269,7.758577,0,0,0,11.78517,3.448508,5.717293,0,0,0,0,0,0,8.351089,0,
"7-Dec",0,1.822313,0,0,7.581224,,,0,0,4.483527,0,0,1.72751,0,17.52581,,7.453917,0,0,0,17.90639,0,0,18.50333,14.18188,0,19.27318,0,6.123755,7.024541,0,0,7.931157,0,0,6.303196,1.604444,10,
"8-Dec",0,0,0,0,3.676968,,0,0,0,17.77708,4.347141,9.607213,0,1.776804,0,0,0,34.22821,0,0,18.75598,1.631155,0,0,24.94602,0,0,0,0,16.5622,0,0,4.173511,0,0,4.637155,17.83673,27,
"9-Dec",9.803732,9.428045,0,13.51879,10.58794,,6.466619,8.747386,0,0,0,0,0,8.370779,0,0,6.60242,0,0,0,0,0,0,0,35.00413,0,0,1.96137,0,0,0,0,11.88454,0,0,21.96574,0,0,
"10-Dec",0,13.85814,1.683847,25.47707,0,,5.777448,15.25034,0,6.653697,0,0,0,0,28.96552,0,0,10.28571,0,0,0,1.910521,53.62749,0,1.940348,10.83948,23.47634,4.634255,0,6.686621,28.45757,0,62.79807,0,0,14.27891,0,0,
"11-Dec",0,12.05311,2.245066,0,0,,0,,0,14.16341,0,0,0,0,0,0,2.46195,7.842714,7.969992,0,0,0,0,0,16.73731,0,31.00092,2.60389,2.547593,0,0,0,0,3.004946,0,10.37835,7.970129,9,
"12-Dec",0,0,0,44.86679,0,,0,,0,8.029976,0,0,0,0,0,0,0,15.49483,0,0,8.135605,0,0,5.419802,20.5104,0,6.59419,0,0,0,25.85848,0,3.787631,8.337415,0,5.158975,22.25307,0,
"13-Dec",0,0,0,8.237925,0,,9.963608,,0,0,0,0,0,0,20.15915,0,0,28.99136,3.133127,0,0,0,0,16.67007,0,0,8.868837,0,6.512014,17.63904,0,0,13.94838,0,0,4.832417,8.040112,0,
"14-Dec",0,0,0,0,0,,0,20.14314,0,10.79783,0,0,0,0,0,0,0,0,0,12.76324,0,0,0,8.381242,0,0,5.890377,0,0,0,9.732036,0,0,0,0,3.295923,8.10491,0,
"15-Dec",0,0,0,0,0,,0,0,0,2.597934,0,0,0,0,0,1.097629,0,0,0,23.13386,0,15.63923,0,3.957886,0,0,4.051345,0,0,12.97027,0,4.496758,0,0,0,5.716646,11.86951,0,
"16-Dec",0,0,0,0,0,,2.459624,7.077702,0,0,44.29832,0,0,0,7.449825,0,0,0,0,0,0,4.767976,0,14.72342,0,0,0,0,0.8979915,14.11752,0,42.5933,0,0,0,13.31297,0,0,
"17-Dec",0,0,0,0,0,,3.448583,7.668295,0,0,4.787906,0,10.56429,0,12.37736,0,0,7.299649,0,7.434178,0,4.351106,0,0,0,0,0,0,4.775723,32.4576,0,0,8.417237,0,0,0,4.106061,0,
"18-Dec",3.562728,0,0,0,0,,0,4.479312,0,5.571791,,0,3.585016,0,19.22,3.398403,0,0,0,9.236866,0,2.040534,0,2.808459,0,10.3752,0,0,10.42483,5.464782,0,10.83867,11.92819,0,0,0,0,0,
"19-Dec",0,0,,10.47202,0,,0,4.865613,0,0,0,0,0,0,0,23.0551,0,0,0,0,0,0,0,0,0,3.88412,0,0,0,0,0,0,0,0,0,82.50735,0,0,
"20-Dec",8.230647,0,,8.602653,0,,7.870037,0,1.004263,0,0,0,0,0,14.2092,0,4.259345,0,0,3.734841,18.01532,9.761341,0,9.411843,0,3.475744,0,0,0,0,0,9.251171,11.07666,0,0,20.81825,0,0,
"21-Dec",0,0,0,7.9662,0,,11.65688,0,5.286264,0,0,0,0,0,0,0,0,20.37711,1.735818,0,0,0,0,5.163462,0,0,0,0,19.63897,30.69897,0,0,11.42508,0,0,0,1.866263,8,
"22-Dec",15.33741,0,15.55663,0,0,,0.7525716,0,4.161387,0,0,0,0,0,0,0,3.278295,19.74961,0,14.55352,0,10.74705,0,19.59194,0,0,0,0,0,23.63269,0,0,0,0,0,0,5.326262,7,
"23-Dec",0,0,0,0,0,,7.637106,0,7.570499,0,4.961967,0,0,0,0,0,7.214173,0,0,21.98786,0,23.40913,0,0,0,0,13.14929,0,0,39.58051,0,6.914382,0,0,0,13.45469,0,0,
"24-Dec",5.943769,0,0,0,0,,8.238189,0,0,0,0,0,1.38288,0,7.561222,0,3.681719,0,0,0,0,4.003113,0,19.00061,0,0,1.823455,8.977208,0,40.75112,0,29.40562,0,0,0,0,1.303072,12,
"25-Dec",0,0,0,0,0,,12.61486,0,0,9.366893,0,2.111946,3.474991,0,4.36943,0,0,0,0,0,0,0,0,0,0,0,13.07173,3.442142,8.66771,0,0,22.64217,0,0,0,0,31.90038,0,
"26-Dec",23.19321,0,0,0,0,,33.09243,0,0,26.58177,0,0,0,0,28.37225,0,0,0,0,0,0,0,0,0,0,0,7.79324,13.05494,0,0,0,13.11431,9.717959,0,0,0,0,0,
"27-Dec",0,0,0,0,0,,13.25627,0,0,3.034647,0,0,26.70689,0,9.064981,0.2909812,14.04119,0,0,3.722821,0,0,0,18.20425,0,0,1.483008,9.992045,0,13.34065,0,0,0,0,0,0,28.41921,0,
"28-Dec",0,0,0,0,0,,0,0,0,0,0,0,2.641815,0,35.09713,0,0,0,0,0.5830688,0,0,0,6.705621,0,0,7.80233,10.71164,0,27.33689,0,0,0,0,0,19.76565,0,0,
"29-Dec",0,17.01363,0,0,0,,4.535859,0,0,0,0,0,0,0,0,0,3.084748,0,0,4.274647,0,0,0,14.97734,0,0,11.82634,0,0,10.26799,2.242025,0,0,0,5.568858,11.0262,0,0,
"30-Dec",0,0,0,0,0,,3.478155,0,0,0,0,0,0,0,0,0,0,0,0,2.336372,0,7.717723,0,9.0013,0,2.800722,0,6.16516,0,0,3.666224,0,0,0,14.74057,0,0,0,
"31-Dec",5.877224,0,0,0,0,,96.13404,0,0,,0,0,0,0,,0,0,0,0,0,,0,0,8.14471,0,0,4.422594,4.825307,0,7.545739,7.674903,0,0,3.902431,0,0,0,18,
